Classical Complement Pathway Homo sapiens h classicPathway,,C1QC,C1QB,C1R,C1QA,C1S,C8A,C8B,C2,C4A,C3,C8G,C5,C6,C7,C9,,,,,,,,,,,,,,,,,,,,,,,,,,,,,,,,,,,,,,,,,
Lectin Induced Complement Pathway Homo sapiens h lectinPathway,,MASP1,C8A,C8B,C2,C4A,C3,C8G,C5,C6,C7,C9,MASP2,MBL2,,,,,,,,,,,,,,,,,,,,,,,,,,,,,,,,,,,,,,,,,,,
Alternative Complement Pathway Homo sapiens h alternativePathway,,C8G,CFD,C5,C6,C7,C9,C8A,CFP,C8B,C3,,,,,,,,,,,,,,,,,,,,,,,,,,,,,,,,,,,,,,,,,,,,,,
Inhibition of Matrix Metalloproteinases Homo sapiens h reckPathway,,MMP14,MMP2,TIMP3,TIMP4,TIMP1,TIMP2,MMP9,RECK,,,,,,,,,,,,,,,,,,,,,,,,,,,,,,,,,,,,,,,,,,,,,,,,
Reversal of Insulin Resistance by Leptin Homo sapiens h leptinPathway,,PRKAA2,CPT1A,LEP,PRKAG2,LEPR,PRKAG1,PRKAB1,PRKAA1,PRKAB2,ACACA,,,,,,,,,,,,,,,,,,,,,,,,,,,,,,,,,,,,,,,,,,,,,,
Eicosanoid Metabolism Homo sapiens h eicosanoidPathway,,PTGFR,PTGIS,EPHX1,PTGER1,PLA2G1B,PTGIR,PTGER2,PTGER3,EPHX2,PTGER4,ALOX5AP,MPO,PTGS1,HPGDS,CYSLTR2,TBXA2R,CYSLTR1,TBXAS1,ALOX5,COX2,PTGES,CYP2J2,PLCB1,,,,,,,,,,,,,,,,,,,,,,,,,,,,,,,,,
Mechanism of Acetaminophen Activity and Toxicity Homo sapiens h AcetaminophenPathway,,NR1I3,CYP1A2,COX3,COX2,CYP2E1,PTGS1,CYP3A,,,,,,,,,,,,,,,,,,,,,,,,,,,,,,,,,,,,,,,,,,,,,,,,,
Regulators of Bone Mineralization Homo sapiens h npp1Pathway,,COL4A1,COL4A3,COL4A2,ENPP1,COL4A5,IBSP,ANKH,COL4A4,ALPL,COL4A6,SPP1,,,,,,,,,,,,,,,,,,,,,,,,,,,,,,,,,,,,,,,,,,,,,
Platelet Amyloid Precursor Protein Pathway Homo sapiens h plateletAppPathway,,APP,F11,SERPINE1,PLAU,F2,PLG,PLAT,COL4A1,F9,COL4A3,COL4A2,COL4A5,COL4A4,COL4A6,,,,,,,,,,,,,,,,,,,,,,,,,,,,,,,,,,,,,,,,,,
Intrinsic Prothrombin Activation Pathway Homo sapiens h intrinsicPathway,,FGB,ZFHX3,F11,F2R,FGG,F10,F12,PROS1,F2,F5,KNG1,PROC,F8,COL4A1,F9,COL4A3,COL4A2,COL4A5,COL4A4,SERPING1,COL4A6,KLKB1,FGA,,,,,,,,,,,,,,,,,,,,,,,,,,,,,,,,,
Extrinsic Prothrombin Activation Pathway Homo sapiens h extrinsicPathway,,FGB,ZFHX3,FGG,F2R,F10,PROS1,F2,F3,TFPI,F5,F7,PROC,FGA,,,,,,,,,,,,,,,,,,,,,,,,,,,,,,,,,,,,,,,,,,,
Fibrinolysis Pathway Homo sapiens h fibrinolysisPathway,,FGB,SERPINB2,ZFHX3,CPB2,FGG,F2R,SERPINE1,F13A1,UBE2A,PLAU,F2,PLAT,PLG,UBA1,FGA,,,,,,,,,,,,,,,,,,,,,,,,,,,,,,,,,,,,,,,,,
Visual Signal Transduction Homo sapiens h rhodopsinPathway,,RCVRN,PDE6G,GUCA1A,GNGT2,GRK1,SLC25A18,GNB1,ARRB1,RHO,SLC25A22,GNAT1,PDE6B,PDE6A,,,,,,,,,,,,,,,,,,,,,,,,,,,,,,,,,,,,,,,,,,,
IL22 Soluble Receptor Signaling Pathway  Homo sapiens h il22bppathway,,SOCS3,IL22RA2,IL22,STAT5B,IL22RA1,STAT1,STAT3,IL10RA,TYK2,JAK1,STAT5A,,,,,,,,,,,,,,,,,,,,,,,,,,,,,,,,,,,,,,,,,,,,,
IFN alpha signaling pathway Homo sapiens h ifnaPathway,,STAT1,ST13,IFNA1,STAT2,IFNB1,TYK2,IFNAR1,JAK1,IFNAR2,,,,,,,,,,,,,,,,,,,,,,,,,,,,,,,,,,,,,,,,,,,,,,,
IFN gamma signaling pathway  Homo sapiens h ifngPathway,,FRA16A,STAT1,IFNGR1,IFNG,JAK1,JAK2,,,,,,,,,,,,,,,,,,,,,,,,,,,,,,,,,,,,,,,,,,,,,,,,,,
Chaperones modulate interferon Signaling Pathway Homo sapiens h tidPathway,,RB1,RELA,IFNGR1,CHUK,LIN7A,USH1C,IKBKB,NFKBIA,WT1,FRA16A,IFNG,DNAJA3,CNTN2,HSPA1A,TAX1BP3,IKBKG,TP53,JAK2,,,,,,,,,,,,,,,,,,,,,,,,,,,,,,,,,,,,,,
NO2-dependent IL 12 Pathway in NK cells Homo sapiens h no2il12Pathway,,STAT4,IFNG,IL12B,IL12A,NOS2,IL12RB2,TYK2,IL12RB1,JAK2,,,,,,,,,,,,,,,,,,,,,,,,,,,,,,,,,,,,,,,,,,,,,,,
IL12 and Stat4 Dependent Signaling Pathway in Th1 Development Homo sapiens h IL12Pathway,,JUN,STAT4,TYK2,ETV5,MAPK14,MAPK8,IFNG,IL12B,IL12A,IL12RB2,IL12RB1,CCR5,MAP2K6,IL18R1,JAK2,,,,,,,,,,,,,,,,,,,,,,,,,,,,,,,,,,,,,,,,,
The 4-1BB-dependent immune response Homo sapiens h 41bbPathway,,ATF2,RELA,MAP2K3,JUN,TRAF2,IL2,MAPK14,IL4,IFNG,TNFRSF9,TNFSF9,MAP3K5,MAP2K6,,,,,,,,,,,,,,,,,,,,,,,,,,,,,,,,,,,,,,,,,,,
IL-10 Anti-inflammatory Signaling Pathway Homo sapiens h il10Pathway,,IL10,IL10RB,IL10RA,TNF,MAPK14,IL1A,IL6,HMOX1,MAP3K5,JAK1,BLVRB,MAP2K6,BLVRA,,,,,,,,,,,,,,,,,,,,,,,,,,,,,,,,,,,,,,,,,,,
p38 MAPK Signaling Pathway  Homo sapiens h p38mapkPathway,,MAP2K4,MEF2A,MEF2D,MAP3K1,MEF2C,STAT1,H3F3A,H3F3B,CDC42,MAPK14,CREB1,MAPKAPK5,MAPKAPK2,DDIT3,ATF2,MAX,PLA2G1B,ELK1,MEF2BNB-MEF2B,NR2C2,HSPB1,RPS6KA5,MKNK1,MYC,RAC1,MAP3K9,HRAS,MAP3K5,MAP2K6,HMGN1,,,,,,,,,,,,,,,,,,,,,,,,,,
MAPKinase Signaling Pathway Homo sapiens h mapkPathway,,MAP3K3,MAP3K4,MAP3K1,JUN,MAP3K2,MAPK13,GCK,MAPK14,MAPK11,MAPK12,SP1,MAPK10,RAF1,ATF2,ARAF,MEF2BNB-MEF2B,PAK2,PAK1,MYC,MAP3K7,MAP3K8,MAP3K5,MAP2K4,MEF2A,MAP2K5,MAP4K3,MEF2D,MAP2K2,MAP2K3,MAP4K1,MEF2C,STAT1,MAP2K1,CHUK,FOS,CREB1,MAP3K11,MAP3K14,MAP3K12,MAP3K13,CEBPA,MAX,ELK1,IKBKB,MAPK9,MAPK8,RPS6KA1,MAPK3,RAC1,MAPK1,HRAS,MAPK7,MAP4K4,MAP2K6,MAP2K7,MAP4K5
Regulation of MAP Kinase Pathways Through Dual Specificity Phosphatases Homo sapiens h dspPathway,,DUSP6,DUSP4,MAPK8,DUSP1,DUSP2,MAPK3,DUSP9,DUSP8,MAPK14,,,,,,,,,,,,,,,,,,,,,,,,,,,,,,,,,,,,,,,,,,,,,,,
NFkB activation by Nontypeable Hemophilus influenzae Homo sapiens h nthiPathway,,TGFB1,SMAD3,CREBBP,TGFB3,MAP2K3,TGFB2,SMAD4,DUSP1,CHUK,MUC5AC,TGFBR1,TGFBR2,MAPK14,MAPK11,TLR2,IL1B,MYD88,NFKBIA,CXCL8,RELA,TNF,NR3C1,IKBKB,MUC2,EP300,MAP3K7,IKBKG,MAP4K4,MAP2K6,,,,,,,,,,,,,,,,,,,,,,,,,,,
TGF beta signaling pathway Homo sapiens h tgfbPathway,,TGFB1,SMAD3,CREBBP,SMAD2,TGFB3,TGFB2,SAR1A,SMAD4,MAP2K1,SMAD7,TGFBR1,NR2C2,TGFBR2,PROC,CDH1,EP300,MAPK3,SKIL,MAP3K7,TAB1,,,,,,,,,,,,,,,,,,,,,,,,,,,,,,,,,,,,
ALK in cardiac myocytes Homo sapiens h alkPathway,,TGFB1,TGFB3,SMAD5,TGFB2,MEF2C,SMAD4,NOG,SMAD1,RFC1,TGFBR1,SMAD6,BMP7,TGFBR2,BMP5,BMP4,BMP2,MYL2,BMPR1A,ATF2,BMPR2,BMP10,CHRD,GATA4,NPPA,NPPB,MAP3K7,NKX2-5,,,,,,,,,,,,,,,,,,,,,,,,,,,,,
CTCF: First Multivalent Nuclear Factor Homo sapiens h ctcfPathway,,TGFB1,CDKN1B,TGFB3,SMAD5,TGFB2,SMAD4,CDKN2A,SMAD1,PTEN,PPP2R5D,CTCF,MTOR,TGFBR1,SMAD6,TGFBR2,BCR,CD79B,CD79A,PIK3R1,RPS6KB1,PIK3CA,MYC,MDM2,,,,,,,,,,,,,,,,,,,,,,,,,,,,,,,,,
TACI and BCMA stimulation of B cell immune responses Homo sapiens h tall1Pathway,,TRAF5,TNFRSF13B,TNFSF13,TRAF6,TNFRSF17,TRAF3,TRAF2,TNFSF13B,,,,,,,,,,,,,,,,,,,,,,,,,,,,,,,,,,,,,,,,,,,,,,,,
TNFR2 Signaling Pathway Homo sapiens h tnfr2Pathway,,NFKBIA,RELA,MAP3K1,TRAF1,TNFAIP3,LTA,TRAF3,TRAF2,RIPK1,MAP3K14,TANK,TNFRSF1B,,,,,,,,,,,,,,,,,,,,,,,,,,,,,,,,,,,,,,,,,,,,
CD40L Signaling Pathway Homo sapiens h cd40Pathway,,NFKBIA,RELA,MAP3K1,CD40,TRAF6,TNFAIP3,TRAF3,CD40LG,MAP4K4,,,,,,,,,,,,,,,,,,,,,,,,,,,,,,,,,,,,,,,,,,,,,,,
NF-kB Signaling Pathway Homo sapiens h nfkbPathway,,RELA,MAP3K1,IL1R1,CHUK,TRADD,TNF,NFKB1,TNFRSF1A,IL1A,IKBKB,MYD88,NFKBIA,TRAF6,IRAK1,FADD,RIPK1,MAP3K7,IKBKG,TAB1,MAP4K4,TLR4,,,,,,,,,,,,,,,,,,,,,,,,,,,,,,,,,,,
Signal transduction through IL1R Homo sapiens h il1rPathway,,TGFB1,TGFB3,MAP3K1,MAP2K3,TGFB2,JUN,IL1R1,CHUK,FOS,MAPK14,IL1A,IL1B,MYD88,NFKBIA,IL6,ECSIT,TOLLIP,TRAF6,TAB2,TAB1,IL1RN,RELA,IFNA1,PEBP1,IL1RAP,TNF,IKBKB,MAPK8,IRAK2,IRAK3,IRAK1,IFNB1,MAP3K7,IKBKG,MAP4K4,MAP2K6,,,,,,,,,,,,,,,,,,,,
Toll-Like Receptor Pathway Homo sapiens h tollPathway,,MAP2K4,MAP3K1,MAP2K3,JUN,PPARA,CHUK,EIF2AK2,FOS,TIRAP,MAPK14,TLR2,MYD88,NFKBIA,ECSIT,TOLLIP,TRAF6,TLR9,TLR7,TAB2,TLR6,MAP3K14,TAB1,TLR4,TLR3,RELA,LY96,ELK1,IKBKB,MAPK8,IRAK1,CD14,MAP3K7,IKBKG,PGLYRP1,MAP2K6,,,,,,,,,,,,,,,,,,,,,
Bone Remodeling Homo sapiens h ranklPathway,,RELA,TNFRSF11A,CHUK,FOS,FOSL2,IKBKB,NFKBIA,FOSL1,MAPK8,TRAF6,TNFSF11,IRF9,IFNB1,IKBKG,IFNAR1,IFNAR2,,,,,,,,,,,,,,,,,,,,,,,,,,,,,,,,,,,,,,,,
Double Stranded RNA Induced Gene Expression Homo sapiens h rnaPathway,,RELA,IFNA1,CHUK,EIF2AK2,EIF2S3,EIF2S2,EIF2S1,IKBKB,NFKBIA,DNAJC3,IFNB1,IKBKG,MAP4K4,TP53,,,,,,,,,,,,,,,,,,,,,,,,,,,,,,,,,,,,,,,,,,
Regulation of eIF2 Homo sapiens h eif2Pathway,,EIF2B5,EIF5,GSK3B,NPY4R,EIF2AK2,EIF2AK1,EIF2AK4,EIF2AK3,EIF2S3,EIF2S2,EIF2S1,,,,,,,,,,,,,,,,,,,,,,,,,,,,,,,,,,,,,,,,,,,,,
Eukaryotic protein translation Homo sapiens h eifPathway,,EIF5B,EIF4A2,EIF3A,EIF4A1,EIF1AX,EIF2S3,EIF2S2,EIF2S1,EIF5,EIF6,EIF4G1,EIF4E,EIF4G3,EIF4G2,,,,,,,,,,,,,,,,,,,,,,,,,,,,,,,,,,,,,,,,,,
Internal Ribosome entry pathway Homo sapiens h iresPathway,,EIF3A,EIF4A1,PTBP1,PTBP2,CASP8,CASP9,CASP6,CASP7,CASP10,CASP4,CASP5,CASP2,EIF4G1,CASP3,CASP1,EIF4E,EIF4G3,EIF4G2,,,,,,,,,,,,,,,,,,,,,,,,,,,,,,,,,,,,,,
Apoptotic DNA fragmentation and tissue homeostasis Homo sapiens h DNAfragmentPathway,,H1FOO,DFFB,ENDOG,DFFA,H1F0,CASP7,GZMB,CASP3,HMGB1,H1FX,HMGB2,,,,,,,,,,,,,,,,,,,,,,,,,,,,,,,,,,,,,,,,,,,,,
Granzyme A mediated Apoptosis Pathway Homo sapiens h setPathway,,SET,CREBBP,DFFB,DFFA,ANP32A,GZMB,GZMA,APEX1,CASP3,PRF1,HMGB2,NME1,,,,,,,,,,,,,,,,,,,,,,,,,,,,,,,,,,,,,,,,,,,,
TSP-1 Induced Apoptosis in Microvascular Endothelial Cell  Homo sapiens h tsp1Pathway,,JUN,GZMA,FOS,CASP3,FYN,CD36,MAPK14,,,,,,,,,,,,,,,,,,,,,,,,,,,,,,,,,,,,,,,,,,,,,,,,,
D4-GDI Signaling Pathway Homo sapiens h d4gdiPathway,,RHOA,JUN,ARHGDIB,CASP3,CASP1,ARHGAP5,,,,,,,,,,,,,,,,,,,,,,,,,,,,,,,,,,,,,,,,,,,,,,,,,,
TNF/Stress Related Signaling Homo sapiens h stressPathway,,MAP2K4,MAP4K2,MAP3K1,MAP2K3,JUN,ATF1,CHUK,CRADD,TRADD,TNF,TRAF2,TNFRSF1A,TANK,MAPK14,IKBKB,MAPK8,BAG4,CASP2,RIPK1,IKBKG,MAP4K4,MAP2K6,MAP2K7,,,,,,,,,,,,,,,,,,,,,,,,,,,,,,,,,
Ceramide Signaling Pathway Homo sapiens h ceramidePathway,,MAP2K4,MAP2K2,MAP3K1,MAP2K1,KSR1,CHUK,BAD,CRADD,TRAF2,TNFRSF1A,MADD,NFKBIA,BCL2,BAX,CYCS,NSMAF,BIRC3,RAF1,RELA,TRADD,TNF,IKBKB,CASP8,MAPK8,BAG4,SMPD1,AIFM1,MAPK3,FADD,MAPK1,RIPK1,IKBKG,MAP4K4,,,,,,,,,,,,,,,,,,,,,,,
SODD/TNFR1 Signaling Pathway Homo sapiens h soddPathway,,MADD,BAG4,CRADD,TRADD,TNF,TRAF2,RIPK1,TNFRSF1A,BIRC3,,,,,,,,,,,,,,,,,,,,,,,,,,,,,,,,,,,,,,,,,,,,,,,
TNFR1 Signaling Pathway Homo sapiens h tnfr1Pathway,,MAP2K4,CRADD,TRADD,LMNB1,TNF,TRAF2,TNFRSF1A,LMNB2,MADD,LMNA,CASP8,BAG4,CASP2,CASP3,FADD,RIPK1,BIRC3,,,,,,,,,,,,,,,,,,,,,,,,,,,,,,,,,,,,,,,
Induction of apoptosis through DR3 and DR4/5 Death Receptors  Homo sapiens h deathPathway,,DFFB,DFFA,PARP1,TRADD,TNFRSF10B,TNFRSF10A,TRAF2,LMNA,CASP8,ACTA1,CASP6,CASP7,CASP10,GAS2,CASP3,TNFSF12,FADD,TNFSF10,RIPK1,MAP3K14,SPTAN1,TNFRSF25,BID,,,,,,,,,,,,,,,,,,,,,,,,,,,,,,,,,
Caspase Cascade in Apoptosis Homo sapiens h caspasePathway,,SREBF1,DFFB,DFFA,APAF1,GZMB,PARP1,LMNB1,PRF1,LMNB2,LMNA,CASP8,CASP9,CASP6,CASP7,CASP10,ARHGDIB,CASP4,XIAP,CASP2,CASP3,CASP1,BIRC2,BIRC3,,,,,,,,,,,,,,,,,,,,,,,,,,,,,,,,,
HIV-1 Nef: negative effector of Fas and TNF Homo sapiens h HivnefPathway,,GSN,MAP3K1,APAF1,CRADD,CFLAR,TNFRSF1A,NFKBIA,RASA1,FAS,BCL2,CYCS,RB1,RELA,TRADD,LMNB1,TNF,LMNB2,LMNA,CASP8,PAK2,CASP9,CASP6,CASP7,CASP2,CASP3,FADD,RIPK1,MAP3K5,DFFB,CDK11B,DFFA,DAXX,PRKCD,CHUK,PARP1,TRAF1,TRAF2,PTK2,MAP3K14,BIRC2,BIRC3,MDM2,NUMA1,PSEN1,PRKDC,PSEN2,FASLG,MAPK8,BAG4,ARHGDIB,SPTAN1,BID,MAP2K7,,,
FAS signaling pathway ( CD95 ) Homo sapiens h fasPathway,,MAP2K4,RB1,MAP3K1,DAXX,FAF1,CFLAR,PRKDC,PTPN13,FASLG,CASP8,PAK2,MAPK8,PAK1,CASP7,CASP10,FAS,CASP3,FADD,RIPK2,MAP3K7,,,,,,,,,,,,,,,,,,,,,,,,,,,,,,,,,,,,
Stress Induction of HSP Regulation Homo sapiens h hsp27Pathway,,DAXX,APAF1,TNF,FASLG,HSPB1,IL1A,ACTA1,CASP9,FAS,MAPKAPK2,MAPKAPK3,BCL2,CASP3,CYCS,,,,,,,,,,,,,,,,,,,,,,,,,,,,,,,,,,,,,,,,,,
West Nile Virus Homo sapiens h WNVpathway,,TIAL1,EEF1A1,CASP9,TIA1,CASP6,CASP7,APAF1,CASP3,CYCS,,,,,,,,,,,,,,,,,,,,,,,,,,,,,,,,,,,,,,,,,,,,,,,
Regulation of cell cycle progression by Plk3 Homo sapiens h plk3Pathway,,RASGRF1,APAF1,PLK3,CCNB1,CASP9,CHEK1,CASP6,CASP7,CHEK2,ATM,TREX1,CDK1,BAX,CASP3,CYCS,TP53,ATR,YWHAH,,,,,,,,,,,,,,,,,,,,,,,,,,,,,,,,,,,,,,
Apoptotic Signaling in Response to DNA Damage Homo sapiens h chemicalPathway,,BAD,APAF1,CASP9,CASP6,CASP7,BCL2L1,AKT1,ATM,BCL2,BAX,CASP3,CYCS,BID,TP53,,,,,,,,,,,,,,,,,,,,,,,,,,,,,,,,,,,,,,,,,,
Role of Mitochondria in Apoptotic Signaling Homo sapiens h mitochondriaPathway,,BIK,DIABLO,APAF1,CASP9,AIFM1,BCL2L1,BCL2,BAX,BAK1,CYCS,BIRC2,BID,BIRC3,,,,,,,,,,,,,,,,,,,,,,,,,,,,,,,,,,,,,,,,,,,
Hypoxia-Inducible Factor in the Cardiovascular System Homo sapiens h hifPathway,,EDN1,EPO,HSP90AA1,JUN,NOS3,ARNT,UBE2A,HIF1A,VEGFA,COPS5,CREB1,LDHA,EP300,ASPH,P4HB,VHL,,,,,,,,,,,,,,,,,,,,,,,,,,,,,,,,,,,,,,,,
Erythropoietin mediated neuroprotection through NF-kB Homo sapiens h eponfkbPathway,,RELA,EPO,JUN,CDKN1A,ARNT,HIF1A,EPOR,SOD2,COPS5,NFKBIA,CREB1,EP300,JAK2,,,,,,,,,,,,,,,,,,,,,,,,,,,,,,,,,,,,,,,,,,,
Acetylation and Deacetylation of RelA in Nucleus Homo sapiens h RELAPathway,,CREBBP,NFKBIA,RELA,HDAC3,EP300,,,,,,,,,,,,,,,,,,,,,,,,,,,,,,,,,,,,,,,,,,,,,,,,,,,
Pelp1 Modulation of Estrogen Receptor Activity Homo sapiens h pelp1Pathway,,PELP1,CREBBP,SRC,EP300,ESR1,,,,,,,,,,,,,,,,,,,,,,,,,,,,,,,,,,,,,,,,,,,,,,,,,,,
IL-7 Signal Transduction Homo sapiens h il7Pathway,,STAT5B,CREBBP,ITGA2B,NMI,IL2RG,LCK,PIK3R1,PIK3CA,EP300,PTK2B,BCL2,FYN,JAK3,JAK1,STAT5A,,,,,,,,,,,,,,,,,,,,,,,,,,,,,,,,,,,,,,,,,
Mechanism of Gene Regulation by Peroxisome Proliferators via PPARa Homo sapiens h pparaPathway,,MED1,DUT,JUN,NCOA1,HSP90AA1,DUSP1,APOA2,NFKBIA,NCOR1,SP1,NCOR2,APOA1,ACOX1,HSPA1A,RB1,RELA,CITED2,HSD17B4,EHHADH,TNF,RXRA,NRIP1,MYC,ME1,PPARGC1A,STAT5B,CREBBP,CPT1A,PPARA,NR1H3,NR2F1,PRKCB,NR0B2,PRKCA,PRKAR1B,PRKAR1A,FAT1,FRA8B,FABP1,LPL,SRA1,MRPL11,PRKACG,PRKAR2B,EP300,PRKAR2A,MAPK3,MAPK1,COX2,NOS2,PRKACB,STAT5A,,,,
Role of PPAR-gamma Coactivators in Obesity and Thermogenesis Homo sapiens h ppargPathway,,NCOA2,MED1,CREBBP,RXRA,NCOA1,LPL,EP300,PPARG,PPARGC1A,,,,,,,,,,,,,,,,,,,,,,,,,,,,,,,,,,,,,,,,,,,,,,,
Control of Gene Expression by Vitamin D Receptor Homo sapiens h vdrPathway,,NCOA2,MED1,CREBBP,NCOA3,SMARCC1,SMARCC2,VDR,NCOA1,SUPT16H,ACTL6A,SMARCE1,PRMT1,TSC2,ARID1A,BAZ1B,SMARCA4,NCOR1,SNW1,KAT2B,COPS2,CARM1,TOP2B,SMARCD1,HDAC1,CHAF1A,RXRA,EP300,,,,,,,,,,,,,,,,,,,,,,,,,,,,,
The information-processing pathway at the IFN-beta enhancer Homo sapiens h pcafpathway,,CREBBP,SMARCC1,SMARCC2,JUN,SMARCE1,GTF3A,ARID1A,GTF2F1,SMARCA4,IRF1,KAT2B,IRF4,IRF5,IRF2,IRF3,IRF6,IRF7,ATF2,GTF2A1,SMARCD1,RELA,SMARCB1,GTF2B,HMGB1,GTF2E1,NR3C1,ACTB,POLR2A,IFNB1,,,,,,,,,,,,,,,,,,,,,,,,,,,
Chromatin Remodeling by hSWI/SNF ATP-dependent Complexes Homo sapiens h hSWI-SNFpathway,,GTF2A1,SMARCD1,SMARCC1,SMARCC2,SMARCB1,GTF2B,SMARCE1,GTF3A,ARID1A,GTF2F1,GTF2E1,NR3C1,SMARCA4,ACTB,POLR2A,NF1,,,,,,,,,,,,,,,,,,,,,,,,,,,,,,,,,,,,,,,,
CARM1 and Regulation of the Estrogen Receptor Homo sapiens h carm-erPathway,,GRIP1,GTF2A1,CREBBP,POLR2A,MEF2C,EP300,GTF3A,CARM1,GTF2F1,ESR1,GTF2E1,NR3C1,,,,,,,,,,,,,,,,,,,,,,,,,,,,,,,,,,,,,,,,,,,,
Nuclear receptors coordinate the activities of chromatin remodeling complexes and coactivators to facilitate initiation of transcription in carcinoma cells Homo sapiens h rarrxrPathway,,NCOA2,GTF2A1,NCOA3,HDAC3,NCOA1,GTF2B,GTF3A,GTF2F1,GTF2E1,NR3C1,RXRA,KAT2B,NCOR2,POLR2A,RARA,,,,,,,,,,,,,,,,,,,,,,,,,,,,,,,,,,,,,,,,,
Map Kinase Inactivation of SMRT Corepressor Homo sapiens h egfr smrtePathway,,MAP2K4,EGF,MAP3K1,SHC1,THRB,MAP2K1,THRA,ZBTB16,EGFR,MAPK14,RXRA,NCOR2,RAC1,HRAS,RARA,GRB2,SOS1,,,,,,,,,,,,,,,,,,,,,,,,,,,,,,,,,,,,,,,
"Basic mechanism of action of PPARa, PPARb(d) and PPARg and effects on gene expression Homo sapiens h pparPathway",,RXRA,PPARA,PPARG,PTGS1,PPARD,,,,,,,,,,,,,,,,,,,,,,,,,,,,,,,,,,,,,,,,,,,,,,,,,,,
Visceral Fat Deposits and the Metabolic Syndrome Homo sapiens h vobesityPathway,,ADIPOQ,RXRA,LPL,PPARG,RETN,TNF,NR3C1,HSD11B1,,,,,,,,,,,,,,,,,,,,,,,,,,,,,,,,,,,,,,,,,,,,,,,,
RNA polymerase III transcription Homo sapiens h RNApol3Pathway,,SSB,GTF3C3,GTF3C4,GTF3C5,BRF1,NR3C1,BDP1,GTF3C1,,,,,,,,,,,,,,,,,,,,,,,,,,,,,,,,,,,,,,,,,,,,,,,,
Antigen Processing and Presentation Homo sapiens h mhcPathway,,PSMB8,PSMB5,CD74,PSMB6,HLA-DRA,TAP2,TAP1,HLA-A,KLK3,B2M,PSMB9,HLA-DRB1,,,,,,,,,,,,,,,,,,,,,,,,,,,,,,,,,,,,,,,,,,,,
IL 4 signaling pathway Homo sapiens h il4Pathway,,IL4R,SHC1,IL2RG,HMGA1,IL4,RPS6KB1,AKT1,HLA-DRA,IGHE,STAT6,GRB2,JAK3,JAK1,FCER2,HLA-DRB1,,,,,,,,,,,,,,,,,,,,,,,,,,,,,,,,,,,,,,,,,
The Co-Stimulatory Signal During T-cell Activation Homo sapiens h ctla4Pathway,,CD86,TRB,TRA,CD80,PTPN11,CD3G,CD3E,CD3D,LCK,PIK3R1,PIK3CA,HLA-DRA,CD28,CTLA4,GRB2,CD247,ITK,ICOS,ICOSLG,HLA-DRB1,,,,,,,,,,,,,,,,,,,,,,,,,,,,,,,,,,,,
Lck and Fyn tyrosine kinases in initiation of TCR Activation Homo sapiens h tcraPathway,,TRB,TRA,CD3G,CD3E,CD3D,ZAP70,PTPRC,LCK,CD4,HLA-DRA,FYN,CD247,HLA-DRB1,,,,,,,,,,,,,,,,,,,,,,,,,,,,,,,,,,,,,,,,,,,
Role of MEF2D in T-cell Apoptosis Homo sapiens h mef2dPathway,,MEF2D,PRKCB,NFATC1,PRKCA,ZAP70,PTPRC,LCK,CD4,HLA-DRA,CD247,LAT,HLA-DRB1,CABIN1,TRB,TRA,HDAC1,HDAC2,CAMK2B,CD3G,CD3E,NR4A1,CD3D,PPP3CA,PPP3CB,PPP3CC,EP300,CAPNS1,PLCG1,CAPN2,FYN,,,,,,,,,,,,,,,,,,,,,,,,,,
T Cell Receptor Signaling Pathway Homo sapiens h tcrPathway,,RALBP1,MAP3K1,JUN,ARAP1,NFATC1,ARAP2,VAV1,NFKBIA,PTPRC,CD4,PIK3CA,HLA-DRA,PTPN7,CD247,RAF1,LAT,SOS1,RELA,TRB,TRA,SHC1,ASAP2,CD3G,CD3E,CD3D,PPP3CA,PPP3CB,PPP3CC,ASAP1,MAP2K4,MAP2K1,FOS,PRKCB,PRKCA,ARFGAP3,ARFGAP1,ZAP70,LCK,PIK3R1,GRB2,HLA-DRB1,NCF2,CAMK2B,ARHGAP1,ARHGAP6,ELK1,ARHGAP4,ARHGAP5,MAPK8,CHN1,MAPK3,PLCG1,RAC1,HRAS,FYN,
BCR Signaling Pathway Homo sapiens h bcrPathway,,LYN,MAP3K1,JUN,SYK,CSNK2A1,MAP2K1,FOS,PRKCB,NFATC1,PRKCA,VAV1,MAPK14,BCR,BTK,GRB2,RAF1,SOS1,SHC1,CAMK2B,ELK1,PPP3CA,CD79B,PPP3CB,CD79A,PPP3CC,MAPK8,MAPK3,BLNK,PLCG1,RAC1,HRAS,,,,,,,,,,,,,,,,,,,,,,,,,
Fc Epsilon Receptor I Signaling in Mast Cells Homo sapiens h fcer1Pathway,,MAP2K4,LYN,MAP2K2,MAP3K1,JUN,SYK,MAP2K1,FOS,PRKCB,VAV1,PIK3R1,PIK3CA,BTK,GRB2,MS4A2,RAF1,SOS1,SHC1,PLA2G1B,ELK1,PAK2,MAPK8,MAPK3,FCER1A,PLCG1,MAPK1,HRAS,FCER1G,MAP2K7,,,,,,,,,,,,,,,,,,,,,,,,,,,
Inhibition of Cellular Proliferation by Gleevec Homo sapiens h gleevecpathway,,STAT5B,MAP2K4,MAP3K1,JUN,STAT1,MAP2K1,FOS,CRKL,BCR,MAPK8,PIK3R1,PIK3CA,MYC,AKT1,MAPK3,BCL2,HRAS,GRB2,STAT5A,RAF1,SOS1,JAK2,,,,,,,,,,,,,,,,,,,,,,,,,,,,,,,,,,
TPO Signaling Pathway Homo sapiens h TPOPathway,,STAT5B,JUN,STAT1,SHC1,CSNK2A1,MAP2K1,STAT3,FOS,MPL,PRKCB,PRKCA,ELK1,RASA1,PIK3R1,PIK3CA,THPO,MAPK3,PLCG1,HRAS,GRB2,STAT5A,RAF1,SOS1,JAK2,,,,,,,,,,,,,,,,,,,,,,,,,,,,,,,,
EGF Signaling Pathway Homo sapiens h egfPathway,,MAP2K4,EGF,MAP3K1,STAT1,SHC1,MAP2K1,STAT3,PRKCB,PRKCA,ELK1,EGFR,RASA1,MAPK8,PIK3R1,PIK3CA,PLCG1,HRAS,GRB2,JAK1,SOS1,,,,,,,,,,,,,,,,,,,,,,,,,,,,,,,,,,,,
PDGF Signaling Pathway Homo sapiens h pdgfPathway,,MAP2K4,PDGFRA,MAP3K1,JUN,STAT1,CSNK2A1,MAP2K1,STAT3,FOS,PRKCB,PRKCA,RASA1,PIK3R1,PIK3CA,GRB2,RAF1,SOS1,SHC1,SRF,PDGFA,ELK1,MAPK8,MAPK3,PLCG1,HRAS,JAK1,,,,,,,,,,,,,,,,,,,,,,,,,,,,,,
IGF-1 Signaling Pathway Homo sapiens h igf1Pathway,,JUN,IRS1,SHC1,CSNK2A1,MAP2K1,SRF,FOS,PTPN11,IGF1,ELK1,IGF1R,RASA1,MAPK8,PIK3R1,PIK3CA,MAPK3,HRAS,GRB2,RAF1,SOS1,,,,,,,,,,,,,,,,,,,,,,,,,,,,,,,,,,,,
Nerve growth factor pathway (NGF) Homo sapiens h ngfPathway,,NGFR,JUN,SHC1,CSNK2A1,MAP2K1,FOS,ELK1,NGF,MAPK8,PIK3R1,PIK3CA,MAPK3,PLCG1,HRAS,GRB2,RAF1,SOS1,,,,,,,,,,,,,,,,,,,,,,,,,,,,,,,,,,,,,,,
Calcium Signaling by HBx of Hepatitis B virus Homo sapiens h HBxPathway,,SRC,JUN,SHC1,CSNK2A1,MAP2K1,CAMK2B,FOS,CREB1,MAPK3,PTK2B,HRAS,GRB2,LAMTOR5,RAF1,SOS1,,,,,,,,,,,,,,,,,,,,,,,,,,,,,,,,,,,,,,,,,
Angiotensin II mediated activation of JNK Pathway via Pyk2 dependent signaling Homo sapiens h At1rPathway,,MAP2K4,MEF2A,MEF2D,MAP2K2,MAP3K1,JUN,MEF2C,MAP2K1,FOS,PRKCB,PRKCA,AGT,GNAQ,AGTR1,GRB2,RAF1,BCAR1,SOS1,ATF2,SRC,SHC1,CAMK2B,ELK1,MEF2BNB-MEF2B,EGFR,CRKL,PAK1,MAPK8,MAPK3,PTK2B,PLCG1,RAC1,MAPK1,HRAS,,,,,,,,,,,,,,,,,,,,,,
Links between Pyk2 and Map Kinases Homo sapiens h pyk2Pathway,,MAP2K4,MAP2K2,MAP3K1,MAP2K3,JUN,MAP2K1,PRKCB,PRKCA,MAPK14,GNAQ,GRB2,RAF1,BCAR1,SOS1,SRC,SHC1,CAMK2B,CRKL,PAK1,MAPK8,MAPK3,PTK2B,PLCG1,RAC1,MAPK1,HRAS,,,,,,,,,,,,,,,,,,,,,,,,,,,,,,
Bioactive Peptide Induced Signaling Pathway Homo sapiens h biopeptidesPathway,,STAT5B,STAT1,STAT3,PRKCB,PRKCA,AGT,MAPK14,GNB1,MAPT,PIK3R1,PIK3CA,CDK5,AGTR2,GRB2,SOS1,CAMK2D,SHC1,CAMK2A,CAMK2B,GNAI1,MYLK,GNGT1,MAPK8,GNA11,MAPK3,PTK2B,PLCG1,MAPK1,HRAS,FYN,CAMK2G,STAT5A,JAK2,,,,,,,,,,,,,,,,,,,,,,,
Transcription factor CREB and its extracellular signals Homo sapiens h crebPathway,,PDPK1,PRKCB,PRKCA,MAPK14,CREB1,PIK3R1,PIK3CA,PRKAR1B,PRKAR1A,GNAS,GRB2,SOS1,CAMK2D,SHC1,CAMK2A,CAMK2B,RPS6KA5,PRKACG,RPS6KA1,PRKAR2B,PRKAR2A,AKT1,MAPK3,MAPK1,HRAS,PRKACB,CAMK2G,,,,,,,,,,,,,,,,,,,,,,,,,,,,,
Trka Receptor Signaling Pathway Homo sapiens h trkaPathway,,NTRK1,SHC1,PDPK1,PRKCB,PRKCA,NGF,PIK3R1,PIK3CA,AKT1,PLCG1,HRAS,GRB2,SOS1,,,,,,,,,,,,,,,,,,,,,,,,,,,,,,,,,,,,,,,,,,,
Role of Erk5 in Neuronal Survival Homo sapiens h erk5Pathway,,MEF2A,MAP2K5,MEF2D,MAP2K2,NTRK1,MEF2C,MAP2K1,PDPK1,BDNF,NGF,CREB1,PIK3R1,PIK3CA,GRB2,RAF1,SOS1,SHC1,MEF2BNB-MEF2B,RPS6KA1,NTF3,AKT1,MAPK3,PLCG1,MAPK1,HRAS,MAPK7,,,,,,,,,,,,,,,,,,,,,,,,,,,,,,
Phospholipids as signalling intermediaries Homo sapiens h edg1Pathway,,PDGFRA,MAP2K2,SPHKAP,MAP2K1,PDPK1,SPHK1,PRKCB,PRKCA,PTK2,GNB1,PIK3R1,PIK3CA,GRB2,RAF1,SOS1,SRC,SHC1,ADCY1,ITGB3,PDGFA,PIK3C2G,GNAI1,ASAH1,GNGT1,SMPD2,SMPD1,AKT1,MAPK3,S1PR1,RAC1,MAPK1,HRAS,ITGAV,,,,,,,,,,,,,,,,,,,,,,,
PTEN dependent cell cycle arrest and apoptosis Homo sapiens h ptenPathway,,ITGB1,CDKN1B,SHC1,ILK,PTEN,FASLG,FOXO3,PTK2,PIK3R1,PIK3CA,AKT1,GRB2,BCAR1,PDK2,SOS1,,,,,,,,,,,,,,,,,,,,,,,,,,,,,,,,,,,,,,,,,
The IGF-1 Receptor and Longevity Homo sapiens h longevityPathway,,IRS1,SHC1,PDPK1,IGF1,SOD3,FOXO3,IGF1R,SOD1,SOD2,CAT,PIK3R1,PIK3CA,AKT1,HRAS,GRB2,SOS1,,,,,,,,,,,,,,,,,,,,,,,,,,,,,,,,,,,,,,,,
Multiple antiapoptotic pathways from IGF-1R signaling lead to BAD phosphorylation Homo sapiens h igf1rPathway,,IRS1,SHC1,BAD,IGF1,IGF1R,PIK3R1,PIK3CA,MAPK3,HRAS,GRB2,YWHAH,RAF1,SOS1,,,,,,,,,,,,,,,,,,,,,,,,,,,,,,,,,,,,,,,,,,,
Insulin Signaling Pathway Homo sapiens h insulinPathway,,INSR,IRS1,SHC1,PIK3R1,PIK3CA,SLC2A14,PTPN11,HRAS,GRB2,INS,SOS1,,,,,,,,,,,,,,,,,,,,,,,,,,,,,,,,,,,,,,,,,,,,,
Growth Hormone Signaling Pathway Homo sapiens h ghPathway,,STAT5B,INSR,IRS1,SHC1,CISH,SLC2A14,SRF,PRKCB,PRKCA,INS,GH1,GHR,RPS6KA1,HNF1A,PIK3R1,PIK3CA,PLCG1,GRB2,PTPN6,STAT5A,SOS1,JAK2,,,,,,,,,,,,,,,,,,,,,,,,,,,,,,,,,,
EPO Signaling Pathway Homo sapiens h epoPathway,,STAT5B,EPO,SHC1,PLCG1,HRAS,GRB2,PTPN6,EPOR,STAT5A,SOS1,JAK2,,,,,,,,,,,,,,,,,,,,,,,,,,,,,,,,,,,,,,,,,,,,,
IL 3 signaling pathway Homo sapiens h il3Pathway,,STAT5B,SHC1,IL3RA,FOS,HRAS,GRB2,PTPN6,CSF2RB,IL3,JAK2,STAT5A,SOS1,,,,,,,,,,,,,,,,,,,,,,,,,,,,,,,,,,,,,,,,,,,,
IL 2 signaling pathway Homo sapiens h il2Pathway,,STAT5B,SHC1,SYK,IL2RG,IL2,LCK,IL2RA,IL2RB,HRAS,GRB2,JAK3,JAK1,STAT5A,SOS1,,,,,,,,,,,,,,,,,,,,,,,,,,,,,,,,,,,,,,,,,,
IL-2 Receptor Beta Chain in T cell Activation Homo sapiens h il2rbPathway,,BAD,NMI,IL2,PPIA,PIK3CA,FAS,BCL2,PTPN6,SOS1,RAF1,PCNA,RB1,SHC1,CCNH,IL2RG,SOCS3,CRKL,SOCS1,CCND3,CCND2,CCND1,E2F1,MYC,AKT1,STAT5B,MAP2K2,MAP2K1,PDPK1,FOS,TFDP1,CCNA1,PIK3R1,IL2RA,RPS6KB1,CCNE1,IL2RB,BCL2L1,GRB2,IRS1,FASLG,IKZF3,CBL,CCNB1,MAPK3,HRAS,MAPK1,JAK3,JAK1,STAT5A,,,,,,,
Role of ERBB2 in Signal Transduction and Oncology Homo sapiens h her2Pathway,,MAP2K2,MAP2K1,PDPK1,STAT3,ESR1,LRPPRC,IL6,PIK3R1,PIK3CA,CARM1,GRB2,SOS1,RAF1,SHC1,EGFR,GRIP1,ERBB4,ERBB2,EP300,ERBB3,AKT1,MAPK3,HRAS,MAPK1,JAK3,IL6R,JAK1,JAK2,,,,,,,,,,,,,,,,,,,,,,,,,,,,
IL 6 signaling pathway Homo sapiens h il6Pathway,,CEBPB,SHC1,STAT3,PTPN11,LRPPRC,IL6,HRAS,GRB2,JAK3,IL6R,JAK1,JAK2,SOS1,,,,,,,,,,,,,,,,,,,,,,,,,,,,,,,,,,,,,,,,,,,
Stat3 Signaling Pathway Homo sapiens h stat3Pathway,,STAT3,MAPK3,MAPK1,JAK3,TYK2,MTOR,JAK1,JAK2,,,,,,,,,,,,,,,,,,,,,,,,,,,,,,,,,,,,,,,,,,,,,,,,
Erk1/Erk2 Mapk Signaling pathway Homo sapiens h erkPathway,,NGFR,SRC,MAP2K2,SHC1,MAP2K1,PTPRR,STAT3,PPP2R5D,ELK1,NGF,RPS6KA5,RPS6KA1,TERT,MKNK1,MKNK2,MYC,MAPK3,HRAS,MAPK1,GRB2,SOS1,RAF1,,,,,,,,,,,,,,,,,,,,,,,,,,,,,,,,,,
Phosphorylation of MEK1 by cdk5/p35 down regulates the MAP kinase pathway Homo sapiens h cdk5Pathway,,NGFR,EGR1,MAP2K2,SHC1,MAP2K1,NGF,CDK5,MAPK3,HRAS,MAPK1,GRB2,CDK5R1,SOS1,RAF1,,,,,,,,,,,,,,,,,,,,,,,,,,,,,,,,,,,,,,,,,,
Sprouty regulation of tyrosine kinase signals Homo sapiens h spryPathway,,SRC,EGF,MAP2K2,SHC1,MAP2K1,SH3KBP1,EGFR,CBL,RASA1,PTPRB,SPRY4,MAPK3,SPRY3,SPRY2,HRAS,MAPK1,SPRY1,GRB2,SOS1,RAF1,,,,,,,,,,,,,,,,,,,,,,,,,,,,,,,,,,,,
Regulation of Splicing through Sam68 Homo sapiens h sam68Pathway,,KHDRBS1,RASA1,SRC,MAP2K2,MAP2K1,MAPK3,CDK1,HRAS,MAPK1,RAF1,,,,,,,,,,,,,,,,,,,,,,,,,,,,,,,,,,,,,,,,,,,,,,
Melanocyte Development and Pigmentation Pathway Homo sapiens h melanocytepathway,,MAP2K2,MAP2K1,MITF,CREB1,KITLG,RPS6KA1,KIT,EP300,MAPK3,BCL2,MAPK1,HRAS,RAF1,,,,,,,,,,,,,,,,,,,,,,,,,,,,,,,,,,,,,,,,,,,
Role of MAL in Rho-Mediated Activation of SRF Homo sapiens h malPathway,,MAP4K2,RHOA,MAP2K2,MAP3K1,ROCK1,LIMK1,MAP2K1,SRF,CDC42,DIAPH1,ACTA1,MAPK8,HNF1A,MAL,MAPK3,RAC1,MAPK1,HRAS,RAF1,,,,,,,,,,,,,,,,,,,,,,,,,,,,,,,,,,,,,
CCR3 signaling in Eosinophils Homo sapiens h CCR3Pathway,,RHOA,PPP1R12B,LIMK1,CCL11,ROCK2,MAP2K1,PRKCB,PIK3C2G,PRKCA,PTK2,GNGT1,GNB1,MYL2,GNAQ,MAPK3,CFL1,GNAS,MAPK1,HRAS,DECR1,PLCB1,RAF1,CCR3,,,,,,,,,,,,,,,,,,,,,,,,,,,,,,,,,
Aspirin Blocks Signaling Pathway Involved in Platelet Activation Homo sapiens h sppaPathway,,F2R,MAP2K1,PLA2G4A,PRKCB,F2,PRKCA,GNAI1,PTGS1,GNGT1,GNB1,TBXAS1,MAPK3,MAPK1,HRAS,F2RL3,PLCB1,RAF1,,,,,,,,,,,,,,,,,,,,,,,,,,,,,,,,,,,,,,,
fMLP induced chemokine gene expression in HMC-1 cells Homo sapiens h fMLPpathway,,MAP2K2,MAP2K3,MAP2K1,PRKCB,NFATC1,PRKCA,MAPK14,NFKBIA,GNB1,PLCB1,RAF1,RELA,NCF2,CAMK2B,FPR1,PIK3C2G,ELK1,CAMKK1,CAMKK2,PPP3CA,GNA15,GNGT1,PPP3CB,PPP3CC,PAK1,MAPK3,RAC1,MAPK1,HRAS,MAP2K6,,,,,,,,,,,,,,,,,,,,,,,,,,
Cadmium induces DNA synthesis and proliferation in macrophages Homo sapiens h cdMacPathway,,RELA,MAP2K2,JUN,MAP2K1,FOS,PRKCB,TNF,PRKCA,CUZD1,NFKBIA,MYC,MAPK3,MAPK1,HRAS,PLCB1,RAF1,,,,,,,,,,,,,,,,,,,,,,,,,,,,,,,,,,,,,,,,
Role of EGF Receptor Transactivation by GPCRs in Cardiac Hypertrophy Homo sapiens h cardiacegfPathway,,RHOA,EDN1,EGF,MAP2K2,JUN,MAP2K1,CHUK,ADAM12,FOS,PRKCB,PRKCA,AGT,NFKBIA,GNB1,AGTR2,GRB2,RAF1,SOS1,RELA,SHC1,EGFR,GNGT1,EDNRA,IKBKB,EDNRB,RPS6KA1,GNA11,MYC,MAPK3,PLCG1,MAPK1,HRAS,IKBKG,,,,,,,,,,,,,,,,,,,,,,,
Keratinocyte Differentiation Homo sapiens h keratinocytePathway,,EGF,MAP3K1,JUN,PPP2R5D,TNFRSF1A,MAPK13,MAPK14,NFKBIA,SP1,FAS,BCL2,RAF1,SOS1,RELA,SHC1,TNF,EGFR,RIPK1,HOXA7,MAP3K5,MAP2K4,PRKCH,PRKCG,MAP2K2,MAP2K3,DAXX,PRKCD,MAP2K1,CHUK,PRKCE,TRAF1,FOS,PRKCB,TRAF2,PRKCA,PRKCQ,GRB2,BIRC2,BIRC3,CEBPA,PLAT,FASLG,ETS1,ETS2,IKBKB,MAPK8,MAPK3,MAPK1,HRAS,IKBKG,MAP4K4,MAP2K6,MAP2K7,,,
Trefoil Factors Initiate  Mucosal Healing Homo sapiens h tffPathway,,RHOA,MAP2K2,MAP2K1,APAF1,CHUK,BAD,PDPK1,GH1,NFKBIA,PIK3R1,PIK3CA,TFF3,CYCS,TFF2,TFF1,GRB2,RAF1,SOS1,RELA,SHC1,CTNNB1,EGFR,IKBKB,GHR,MUC2,CASP9,RPS6KA1,CASP6,CASP7,ERBB2,AKT1,MAPK3,CASP3,MAPK1,HRAS,IKBKG,,,,,,,,,,,,,,,,,,,,
Influence of Ras and Rho proteins on G1 to S Transition Homo sapiens h RacCycDPathway,,RHOA,MAP2K2,MAP2K1,CHUK,PDPK1,NFKBIA,TFDP1,CDK6,PIK3R1,PIK3CA,CCNE1,CDK4,CDK2,RAF1,RB1,RELA,CDKN1B,CDKN1A,IKBKB,PAK1,CCND1,E2F1,AKT1,MAPK3,RAC1,MAPK1,HRAS,IKBKG,,,,,,,,,,,,,,,,,,,,,,,,,,,,
Human Cytomegalovirus and Map Kinase Pathways Homo sapiens h hcmvPathway,,RB1,RELA,MAP2K2,MAP3K1,MAP2K3,MAP2K1,PDPK1,MAPK14,CREB1,SP1,PIK3R1,PIK3CA,AKT1,MAPK3,MAPK1,MAP2K6,,,,,,,,,,,,,,,,,,,,,,,,,,,,,,,,,,,,,,,,
Ras-Independent pathway in NK cell-mediated cytotoxicity Homo sapiens h nkcellsPathway,,KLRC3,SYK,MAP2K1,KLRC4,HLA-A,IL18,VAV1,CD2,FCGR3A,FCGR3B,PAK1,PIK3R1,PIK3CA,MAPK3,CD28,KLRD1,RAC1,KLRC1,KLRC2,B2M,PTPN6,LAT,,,,,,,,,,,,,,,,,,,,,,,,,,,,,,,,,,
Phosphoinositides and their downstream targets. Homo sapiens h ptdinsPathway,,LYN,GSK3B,GSK3A,ARF1,BAD,PDPK1,PRKCE,GTF3A,VAV2,EEA1,PRKCZ,PFKM,PFKL,RPS6KB1,AKT1,BTK,PLCG1,RAC1,GRASP,RAB5A,PFKP,,,,,,,,,,,,,,,,,,,,,,,,,,,,,,,,,,,
Ras Signaling Pathway Homo sapiens h rasPathway,,RHOA,RALBP1,RALA,CHUK,BAD,PDPK1,FOXO4,PLD1,VAV1,CDC42,CASP9,PIK3R1,PIK3CA,BCL2L1,AKT1,RAC1,HRAS,RALGDS,RAF1,SOS1,,,,,,,,,,,,,,,,,,,,,,,,,,,,,,,,,,,,
AKT Signaling Pathway Homo sapiens h aktPathway,,RELA,HSP90AA1,CHUK,BAD,PDPK1,FASLG,FOXO4,FOXO3,GH1,PPP2CA,FOXO1,NFKBIA,GHR,CASP9,PIK3R1,PIK3CA,AKT1,YWHAH,,,,,,,,,,,,,,,,,,,,,,,,,,,,,,,,,,,,,,
Role of nicotinic acetylcholine receptors in the regulation of apoptosis Homo sapiens h achPathway,,SRC,BAD,PDPK1,FASLG,FOXO3,PTK2,PIK3R1,PIK3CA,TERT,CHRNG,AKT1,PTK2B,RAPSN,MUSK,YWHAH,CHRNB1,AGRN,,,,,,,,,,,,,,,,,,,,,,,,,,,,,,,,,,,,,,,
Skeletal muscle hypertrophy is regulated via AKT/mTOR pathway Homo sapiens h igf1mtorpathway,,EIF2B5,PDPK1,RPS6,IGF1,PPP2R5D,EIF2S3,EIF2S2,MTOR,EIF2S1,PSMC4,PIK3R1,RPS6KB1,PIK3CA,EIF4G1,PABPC1,EIF4A1,GSK3B,EIF4EBP1,PTEN,INPPL1,IGF1R,MKNK1,AKT1,EIF4E,PDK2,,,,,,,,,,,,,,,,,,,,,,,,,,,,,,,
mTOR Signaling Pathway Homo sapiens h mTORPathway,,EIF4B,EIF3A,EIF4A1,IRS1,PDPK1,RPS6,EIF4EBP1,PTEN,TSC2,TSC1,PPP2R5D,MTOR,GH1,FKBP1A,GHR,RHEB,PIK3R1,RPS6KB1,PIK3CA,MKNK1,AKT1,EIF4G1,EIF4E,PDK2,,,,,,,,,,,,,,,,,,,,,,,,,,,,,,,,
Regulation of eIF4e and p70 S6 Kinase Homo sapiens h eif4Pathway,,EIF4A1,IRS1,PDPK1,EIF4EBP1,PTEN,PRKCB,PRKCA,MTOR,GH1,PPP2CA,MAPK14,GHR,PSMC4,PIK3R1,RPS6KB1,PIK3CA,MKNK1,AKT1,MAPK3,EIF4G1,PABPC1,MAPK1,EIF4E,PDK2,,,,,,,,,,,,,,,,,,,,,,,,,,,,,,,,
B Cell Survival Pathway Homo sapiens h bcellsurvivalPathway,,CCT4,ITGA1,ITGB1,ZBTB7A,PDPK1,MTOR,PIK3R1,PIK3CA,CASP7,DPF2,AKT1,BIRC5,CASP3,,,,,,,,,,,,,,,,,,,,,,,,,,,,,,,,,,,,,,,,,,,
Phospholipase C Signaling Pathway Homo sapiens h plcPathway,,PIK3R1,PIK3CA,PDPK1,PLCG1,PLCB1,,,,,,,,,,,,,,,,,,,,,,,,,,,,,,,,,,,,,,,,,,,,,,,,,,,
CXCR4 Signaling Pathway Homo sapiens h cxcr4Pathway,,GNGT1,CXCL12,GNB1,PIK3R1,PIK3CA,CXCR4,GNAQ,PLCG1,HRAS,PIK3C2G,GNAI1,,,,,,,,,,,,,,,,,,,,,,,,,,,,,,,,,,,,,,,,,,,,,
Pertussis toxin-insensitive CCR5 Signaling in Macrophage Homo sapiens h Ccr5Pathway,,CXCL12,JUN,CXCR4,GNAQ,CCL4,FOS,PLCG1,CCL2,CCR5,,,,,,,,,,,,,,,,,,,,,,,,,,,,,,,,,,,,,,,,,,,,,,,
Actions of Nitric Oxide in the Heart Homo sapiens h no1Pathway,,GUCY1A3,GUCY1A2,HSP90AA1,NOS3,PDPK1,CAV1,VEGFA,GNB1,PIK3R1,PIK3CA,PRKAR1B,PRKAR1A,GNAQ,PDE3B,PDE3A,GUCY2D,RYR2,CHRNA1,GUCY2C,GUCY1B3,FLT1,GUCY2F,CHRM1,GUCY1B2,FLT4,CAMK2B,SLC7A1,KNG1,PLN,GNGT1,PRKACG,PRKAR2B,PRKAR2A,AKT1,PDE2A,KDR,BDKRB2,PLCG1,PRKACB,PRKG2,TNNI1,PRKG1,,,,,,,,,,,,,,
"VEGF, Hypoxia, and Angiogenesis Homo sapiens h vegfPathway",,HSP90AA1,NOS3,PDPK1,CAV1,ARNT,PRKCB,PRKCA,VEGFA,PTK2,ACTA1,PIK3R1,PIK3CA,GRB2,BCAR1,SOS1,SRC,FLT1,SHC1,PXN,FLT4,CAMK2B,HIF1A,KNG1,AKT1,VHL,KDR,BDKRB2,PLCG1,HRAS,CSK,,,,,,,,,,,,,,,,,,,,,,,,,,
Cell to Cell Adhesion Signaling Homo sapiens h cell2cellPathway,,SRC,ACTA1,PXN,CDH1,CTNNB1,PTPN11,PECAM1,CTNNA1,CSK,BCAR1,VCL,PTK2,,,,,,,,,,,,,,,,,,,,,,,,,,,,,,,,,,,,,,,,,,,,
Integrin Signaling Pathway Homo sapiens h integrinPathway,,ITGA1,RHOA,PPP1R12B,ACTN4,ACTN3,ACTN2,CAV1,ACTN1,PTK2,BCR,ACTA1,ZYX,RAPGEF1,GRB2,TLN1,BCAR1,VCL,SOS1,ITGB1,SRC,ROCK1,SHC1,PXN,MLC1,NOLC1,LRPAP1,TNS1,CRKL,MAPK8,CAPN1,HRAS,CSK,FYN,,,,,,,,,,,,,,,,,,,,,,,
Erk and PI-3 Kinase Are Necessary for Collagen Binding in Corneal Epithelia Homo sapiens h ecmPathway,,GSN,ITGA1,RHOA,ACTN4,MAP2K1,ACTN3,ACTN2,ACTN1,PTK2,DIAPH1,ACTA1,PIK3R1,PIK3CA,ZYX,TLN1,PFN1,BCAR1,VCL,ITGB1,SRC,ROCK1,PXN,MLC1,MYLK,ARHGAP5,TNS1,MAPK3,PLCG1,MAPK1,CAPN1,CSK,,,,,,,,,,,,,,,,,,,,,,,,,
uCalpain and friends in Cell spread Homo sapiens h ucalpainPathway,,ITGA1,ITGB1,RHOA,SRC,PXN,ACTN4,ACTN3,ACTN2,ACTN1,PTK2,ACTA1,CAPNS1,RAC1,CAPN1,SPTAN1,TLN1,EZR,,,,,,,,,,,,,,,,,,,,,,,,,,,,,,,,,,,,,,,
mCalpain and friends in Cell motility Homo sapiens h mCalpainPathway,,ITGA1,CAST,EGF,MAP2K2,MAP2K1,PTK2,ACTA1,PRKAR1B,PRKAR1A,GRB2,TLN1,EZR,SOS1,ITGB1,SHC1,PXN,MLC1,EGFR,MYLK,PRKACG,PRKAR2B,CAPNS1,PRKAR2A,MAPK3,RAC1,MAPK1,CAPN1,HRAS,CAPN2,PRKACB,,,,,,,,,,,,,,,,,,,,,,,,,,
Oxidative Stress Induced Gene Expression Via Nrf2 Homo sapiens h arenrf2Pathway,,JUN,KEAP1,FOS,PRKCB,PRKCA,AKR7A2,CRYZ,MAFF,CREB1,POR,FXYD2,GSTA2,MAFG,HMOX1,UGT1A6,HMOX2,MAFK,NFE2L2,,,,,,,,,,,,,,,,,,,,,,,,,,,,,,,,,,,,,,
CBL mediated ligand-induced downregulation of EGF receptors Homo sapiens h cblPathway,,SRC,EGF,SH3KBP1,PRKCB,PRKCA,GRB2,CBL,EGFR,,,,,,,,,,,,,,,,,,,,,,,,,,,,,,,,,,,,,,,,,,,,,,,,
Effects of calcineurin in Keratinocyte Differentiation Homo sapiens h calcineurinPathway,,CDKN1A,CAMK2B,PRKCB,NFATC1,PRKCA,PPP3CA,PPP3CB,PPP3CC,SP1,MARCKS,SP3,GNAQ,PLCG1,,,,,,,,,,,,,,,,,,,,,,,,,,,,,,,,,,,,,,,,,,,
"Endocytotic role of NDK, Phosphins and Dynamin Homo sapiens h ndkDynaminPathway",,CAMK2B,AP2A1,DNM1,EPN1,NME1,NME2,PPP3CA,PICALM,PPP3CB,PPP3CC,SYNJ2,SYNJ1,BIN2,BIN1,EPS15,AP2M1,,,,,,,,,,,,,,,,,,,,,,,,,,,,,,,,,,,,,,,,
NFAT and Hypertrophy of the heart Homo sapiens h nfatPathway,,CREBBP,EDN1,MEF2C,PDPK1,LIF,IGF1,NFATC1,ELSPBP1,ALOX15B,ACTA1,HAND1,PIK3R1,RPS6KB1,PIK3CA,MYL2,HAND2,CAMK4,GRB2,CALR,HBEGF,SOS1,HDAC5,GSK3B,SHC1,CTF1,CAMK2B,ATP2A3,ATP2A2,TNF,ATP2A1,GATA4,HDAC9,CAMKK1,CAMKK2,PPP3CA,PPP3CB,PPP3CC,MAPK8,NPPA,AKT1,HRAS,ADSS,NKX2-5,YWHAH,,,,,,,,,,,,
Ca++/ Calmodulin-dependent Protein Kinase Activation Homo sapiens h CaCaMPathway,,CAMK2D,CREB1,CAMK2A,CAMK2B,CAMK4,CAMK2G,CAMKK1,CAMKK2,,,,,,,,,,,,,,,,,,,,,,,,,,,,,,,,,,,,,,,,,,,,,,,,
Regulation of PGC-1a Homo sapiens h pgc1aPathway,,HDAC5,CAMK2D,MEF2A,ESRRA,MEF2D,MEF2C,PPARA,CAMK2A,SLC2A14,CAMK2B,MEF2BNB-MEF2B,CAMKK1,CAMKK2,PPP3CA,PPP3CB,PPP3CC,CAMK4,PPARGC1A,CAMK2G,YWHAH,,,,,,,,,,,,,,,,,,,,,,,,,,,,,,,,,,,,
Signal Dependent Regulation of Myogenesis by Corepressor MITR Homo sapiens h MITRPathway,,MEF2A,MEF2D,MEF2C,CAMK2B,MYOD1,HDAC9,MEF2BNB-MEF2B,YWHAH,,,,,,,,,,,,,,,,,,,,,,,,,,,,,,,,,,,,,,,,,,,,,,,,
Control of skeletal myogenesis by HDAC and calcium/calmodulin-dependent kinase (CaMK) Homo sapiens h hdacPathway,,CABIN1,HDAC5,CREBBP,MEF2A,MEF2D,MEF2C,PDPK1,CAMK2B,MYOD1,NFATC1,MEF2BNB-MEF2B,MAPK14,GRIP1,KAT2B,PIK3R1,PIK3CA,EP300,AKT1,AVP,MAPK7,YWHAH,,,,,,,,,,,,,,,,,,,,,,,,,,,,,,,,,,,
Regulation of BAD phosphorylation Homo sapiens h badPathway,,ADCY1,BAD,PDPK1,IGF1,CSF2RB,IGF1R,IL3,PRKACG,KITLG,KIT,PIK3R1,PIK3CA,PRKAR1B,PRKAR1A,PRKAR2B,IL3RA,PRKAR2A,BCL2L1,AKT1,BCL2,BAX,PRKACB,YWHAH,,,,,,,,,,,,,,,,,,,,,,,,,,,,,,,,,
Transcription Regulation by Methyltransferase of CARM1 Homo sapiens h carm1Pathway,,CREBBP,NCOA3,PRKACG,RXRA,CREB1,PRKAR1B,PRKAR1A,PRKAR2B,EP300,PRKAR2A,BCL2,CARM1,RARA,PRKACB,,,,,,,,,,,,,,,,,,,,,,,,,,,,,,,,,,,,,,,,,,
Repression of Pain Sensation by the Transcriptional Regulator DREAM Homo sapiens h dreampathway,,JUN,KCNIP3,OPRK1,FOS,CREM,PRKACG,CREB1,POLR2A,PRKAR1B,RPS6KA3,PRKAR1A,PRKAR2B,PRKAR2A,MAPK3,PRKACB,,,,,,,,,,,,,,,,,,,,,,,,,,,,,,,,,,,,,,,,,
GATA3 participate in activating the Th2 cytokine genes expression Homo sapiens h GATA3pathway,,MAP2K3,ADCY1,IL13,NFATC1,GATA3,MAPK14,IL1A,MAF,IL5,IL4,PRKACG,PRKAR1B,PRKAR1A,PRKAR2B,PRKAR2A,GNAS,JUNB,PRKACB,MAP2K6,,,,,,,,,,,,,,,,,,,,,,,,,,,,,,,,,,,,,
Phospholipase C-epsilon pathway Homo sapiens h plcePathway,,PRKACG,RAP2B,PTGER1,PRKAR1B,PRKAR1A,PRKAR2B,PRKAR2A,PLCE1,GNAS,RAPGEF3,ADRB2,PRKACB,,,,,,,,,,,,,,,,,,,,,,,,,,,,,,,,,,,,,,,,,,,,
Cystic fibrosis transmembrane conductance regulator (CFTR) and beta 2 adrenergic receptor (b2AR) pathway Homo sapiens h cftrPathway,,EDN1,ADCY1,CCL11,ADRB2,F2,AGT,SLC9A3R1,GNGT1,PRKACG,CXCL12,GNB1,PRKAR1B,PRKAR1A,PRKAR2B,PRKAR2A,CCL4,GNAS,PRKACB,EZR,CFTR,,,,,,,,,,,,,,,,,,,,,,,,,,,,,,,,,,,,
How Progesterone Initiates the Oocyte Maturation Homo sapiens h mPRPathway,,CAP1,SRC,PAQR5,ADCY1,MYT1,GNAI1,CDC25C,GNGT1,PRKACG,CCNB1,GNB1,PRKAR1B,PRKAR1A,PRKAR2B,PRKAR2A,MAPK3,GNAS,CDK1,MAPK1,HRAS,PGR,PRKACB,PIN1,,,,,,,,,,,,,,,,,,,,,,,,,,,,,,,,,
Regulation of ck1/cdk5 by type 1 glutamate receptors Homo sapiens h ck1Pathway,,ADCY1,CAMK2B,PPP2R5D,PPP1CA,GRM1,PPP3CA,GNGT1,PRKACG,GNB1,PPP1R1B,PRKAR1B,CDK5,CSNK1D,NCS1,PRKAR1A,PRKAR2B,PRKAR2A,ADRBK1,GNAS,DRD1,DRD2,PRKACB,CDK5R1,PLCB1,,,,,,,,,,,,,,,,,,,,,,,,,,,,,,,,
Attenuation of GPCR Signaling Homo sapiens h agpcrPathway,,PRKCB,PRKCA,GNGT1,PRKACG,GRK4,GNB1,PRKAR1B,ARRB1,PRKAR1A,PRKAR2B,PRKAR2A,GNAS,PRKACB,,,,,,,,,,,,,,,,,,,,,,,,,,,,,,,,,,,,,,,,,,,
Signaling Pathway from G-Protein Families Homo sapiens h gpcrPathway,,MAP2K1,PRKCB,NFATC1,PRKCA,CREB1,GNB1,PRKAR1B,PRKAR1A,GNAQ,GNAS,RAF1,CAMK2B,ELK1,GNAI1,PPP3CA,GNGT1,PPP3CB,PRKACG,PPP3CC,RPS6KA3,PRKAR2B,PRKAR2A,MAPK3,PLCG1,HRAS,PRKACB,,,,,,,,,,,,,,,,,,,,,,,,,,,,,,
Nitric Oxide Signaling Pathway Homo sapiens h nos1Pathway,,CAMK2B,PRKCB,PRKCA,GRIN2D,GRIN2C,GRIN1,PPP3CA,PPP3CB,PRKACG,GRIN2B,PPP3CC,GRIN2A,DLG4,PRKAR1B,PRKAR1A,PRKAR2B,PRKAR2A,NOS1,PRKACB,,,,,,,,,,,,,,,,,,,,,,,,,,,,,,,,,,,,,
Stathmin and breast cancer resistance to antimicrotubule agents Homo sapiens h stathminPathway,,CAMK2D,CAMK2A,CAMK2B,TUBB1,TUBA1A,TUBA3C,MAPK13,TUBA4B,TUBA4A,TUBA8,CD2,PRKACG,TUBA1C,CCNB1,PRKAR1B,STMN1,PRKAR1A,PRKAR2B,PRKAR2A,CDK1,CAMK4,CD247,PRKACB,CAMK2G,,,,,,,,,,,,,,,,,,,,,,,,,,,,,,,,
AKAP95 role in mitosis and chromosome dynamics Homo sapiens h akap95Pathway,,DDX5,NPY4R,H3F3A,H3F3B,AKAP8,PRKAG1,PPP2R5D,PRKACG,CCNB1,PRKAR2B,PRKAR2A,NCAPD2,CDK1,PRKACB,,,,,,,,,,,,,,,,,,,,,,,,,,,,,,,,,,,,,,,,,,
Protein Kinase A at the Centrosome Homo sapiens h akapCentrosomePathway,,RHOA,PRKACG,PRKAR2B,PRKAR2A,PRKCE,AKAP9,PKN1,CDK1,PRKAG1,PPP2R5D,PRKACB,PPP1CA,,,,,,,,,,,,,,,,,,,,,,,,,,,,,,,,,,,,,,,,,,,,
Rho-Selective Guanine Exchange Factor AKAP13 Mediates Stress Fiber Formation Homo sapiens h akap13Pathway,,AKAP13,RHOA,PRKACG,GNA12,PRKAR2B,PRKAR2A,LPAR2,LPAR3,PRKAG1,PRKACB,LPAR1,,,,,,,,,,,,,,,,,,,,,,,,,,,,,,,,,,,,,,,,,,,,,
Regulation of Spermatogenesis by CREM Homo sapiens h cremPathway,,XPO1,GNGT1,GNB1,ADCY1,FSHB,FSHR,GNAS,CREM,FHL5,KIF17,,,,,,,,,,,,,,,,,,,,,,,,,,,,,,,,,,,,,,,,,,,,,,
Activation of Csk by cAMP-dependent Protein Kinase Inhibits Signaling through the T Cell Receptor Homo sapiens h CSKPathway,,CREBBP,EDN1,F2,AGT,ZAP70,PTPRC,LCK,CXCL12,CD4,GNB1,PRKAR1B,PRKAR1A,AGTR2,HLA-DRA,GNAS,CD247,HLA-DRB1,CHRM1,TRB,TRA,PTGER1,ADCY1,CCL11,HTR2C,FPR1,ADRB2,CD3G,CD3E,ADRA1B,CD3D,GNGT1,EDNRA,PRKACG,EDNRB,CXCR4,PRKAR2B,P2RY2,PRKAR2A,CCL4,CSK,PRKACB,CCR5,CCR3,,,,,,,,,,,,,
"Activation of cAMP-dependent protein kinase, PKA Homo sapiens h gsPathway",,EDN1,F2,AGT,CXCL12,GNB1,PRKAR1B,PRKAR1A,AGTR2,GNAS,CHRM1,PTGER1,ADCY1,CCL11,HTR2C,FPR1,ADRB2,ADRA1B,GNGT1,EDNRA,PRKACG,EDNRB,CXCR4,PRKAR2B,P2RY2,PRKAR2A,CCL4,PRKACB,CCR5,CCR3,,,,,,,,,,,,,,,,,,,,,,,,,,,
ChREBP regulation by carbohydrates and cAMP Homo sapiens h chrebpPathway,,EDN1,PKLR,F2,PPP2R5D,PRKAB1,PRKAB2,AGT,CXCL12,GNB1,PRKAR1B,MLXIPL,PRKAR1A,AGTR2,GNAS,ACSBG1,PRKAA2,CHRM1,PTGER1,ADCY1,CCL11,ACSM1,PRKAG2,HTR2C,FPR1,ADRB2,PRKAG1,ADRA1B,PRKAA1,GNGT1,EDNRA,PRKACG,EDNRB,CXCR4,PRKAR2B,P2RY2,PRKAR2A,CCL4,PRKACB,CCR5,CCR3,,,,,,,,,,,,,,,,
Beta-arrestins in GPCR Desensitization Homo sapiens h bArrestinPathway,,EDN1,PPARA,F2,DNM1,AGT,CXCL12,GNB1,AGTR2,GNAS,CHRM1,PTGER1,CCL11,HTR2C,FPR1,ADRB2,AP2A1,ADRA1B,GNGT1,EDNRA,EDNRB,ARRB1,CXCR4,P2RY2,ADRBK1,CCL4,CCR5,CCR3,AP2M1,,,,,,,,,,,,,,,,,,,,,,,,,,,,
Role of Beta-arrestins in the activation and targeting of MAP kinases Homo sapiens h barr-mapkPathway,,EDN1,MAP2K2,MAP2K1,F2,DNM1,AGT,CXCL12,GNB1,AGTR2,GNAS,RAF1,CHRM1,PTGER1,CCL11,HTR2C,FPR1,ADRB2,ADRA1B,GNGT1,EDNRA,EDNRB,ARRB1,CXCR4,P2RY2,ADRBK1,MAPK3,CCL4,MAPK1,CCR5,CCR3,,,,,,,,,,,,,,,,,,,,,,,,,,
Roles of Beta-arrestin-dependent Recruitment of Src Kinases in GPCR Signaling Homo sapiens h bArrestin-srcPathway,,EDN1,MAP2K2,MAP2K1,F2,DNM1,AGT,HCK,FGR,CXCL12,GNB1,AGTR2,GNAS,RAF1,SRC,CHRM1,PTGER1,CCL11,HTR2C,FPR1,ADRB2,ADRA1B,GNGT1,EDNRA,EDNRB,ARRB1,CXCR4,P2RY2,ADRBK1,MAPK3,CCL4,MAPK1,HRAS,CCR5,CCR3,,,,,,,,,,,,,,,,,,,,,,
Ion Channels and Their Functional Role in Vascular Endothelium Homo sapiens h raccPathway,,GUCY1A3,EDN1,GUCY1A2,TRPC6,HSP90AA1,TRPC4,NOS3,TRPC5,TRPC3,CAV1,TRPV4,F2,AGT,CXCL12,GNB1,KCNQ2,KCNQ3,KCNQ4,AGTR2,KCNQ5,GNAS,GUCY1B3,CHRM1,GUCY1B2,PTGER1,ADCY1,CCL11,CAMK2B,HTR2C,FPR1,ADRB2,ADRA1B,KNG1,GNGT1,EDNRA,EDNRB,CXCR4,P2RY2,AKT1,CCL4,BDKRB2,CCR5,PRKG2,CCR3,PRKG1,,,,,,,,,,,
Corticosteroids and cardioprotection Homo sapiens h gcrPathway,,EDN1,ANXA1,HSP90AA1,NOS3,PDPK1,CAV1,F2,AGT,CXCL12,GNB1,PIK3R1,PIK3CA,GNAS,RELA,CCL11,CAMK2B,ADRB2,NR3C1,KNG1,GNGT1,NPPA,AKT1,CCL4,BDKRB2,CORIN,,,,,,,,,,,,,,,,,,,,,,,,,,,,,,,
G-Protein Signaling Through Tubby Proteins Homo sapiens h tubbyPathway,,GNGT1,TUB,EDN1,CXCL12,GNB1,CCL11,GNAQ,CCL4,F2,AGT,,,,,,,,,,,,,,,,,,,,,,,,,,,,,,,,,,,,,,,,,,,,,,
Activation of PKC through G-protein coupled receptors Homo sapiens h pkcPathway,,PPP1R14A,EDN1,CXCL12,CCL11,GNAQ,CCL4,PRKCB,F2,PRKCA,AGT,PLCB1,,,,,,,,,,,,,,,,,,,,,,,,,,,,,,,,,,,,,,,,,,,,,
PKC-catalyzed phosphorylation of inhibitory phosphoprotein of myosin phosphatase Homo sapiens h myosinPathway,,PPP1R14A,PPP1R12B,ROCK1,TRIO,ARHGEF1,CACNA1A,CAMK2B,PRKCB,PRKCA,VAV1,MYLK,ARHGAP5,GNGT1,GNB1,MYL2,GNA12,GNA13,GNAQ,PKN1,ARHGEF5,PLCB1,,,,,,,,,,,,,,,,,,,,,,,,,,,,,,,,,,,
Thrombin signaling and protease-activated receptors Homo sapiens h Par1Pathway,,ARFGEF2,RHOA,PPP1R12B,ARFGEF1,F2R,GBF1,PRKCB,F2,PRKCA,GNB1,PIK3R1,PIK3CA,GNAQ,F2RL3,PLCB1,ROCK1,ADCY1,GNAI1,CYTH4,CYTH3,GNGT1,GNA12,GNA13,PTK2B,MAP3K7,CYTH2,CYTH1,,,,,,,,,,,,,,,,,,,,,,,,,,,,,
ADP-Ribosylation Factor Homo sapiens h arapPathway,,ARFGEF2,GPLD1,RALBP1,COP,ARFGEF1,GBF1,ARAP1,ARAP2,ARFGAP3,ARFGAP1,KDELR3,COPA,NCF2,KDELR1,ARF1,KDELR2,CLTB,CLTA,ASAP2,ARHGAP1,ARHGAP6,ARHGAP4,ARHGAP5,CYTH4,CYTH3,ASAP1,CHN1,CYTH2,CYTH1,,,,,,,,,,,,,,,,,,,,,,,,,,,
Rho cell motility signaling pathway Homo sapiens h rhoPathway,,GSN,RHOA,RALBP1,PPP1R12B,LIMK1,ARAP1,ARAP2,VAV1,ARFGAP3,DIAPH1,ARFGAP1,MYL2,ARHGEF5,TLN1,PFN1,VCL,ROCK1,NCF2,TRIO,ARHGEF1,CACNA1A,ASAP2,ARHGAP1,ARHGAP6,ARHGAP4,MYLK,ARHGAP5,ASAP1,CHN1,PIP5K1A,CFL1,PIP5K1B,,,,,,,,,,,,,,,,,,,,,,,,
Rac 1 cell motility signaling pathway Homo sapiens h rac1Pathway,,RALBP1,PDGFRA,MAP3K1,PPP1R12B,LIMK1,CADM1,ARAP1,ARAP2,VAV1,ARFGAP3,ARFGAP1,PIK3R1,RPS6KB1,PIK3CA,MYL2,CDK5,ARHGEF5,CDK5R1,NCF2,TRIO,ARHGEF1,CACNA1A,ASAP2,ARHGAP1,ARHGAP6,PLD1,ARHGAP4,MYLK,ARHGAP5,PAK1,ASAP1,CHN1,CFL1,RAC1,ARFIP2,WASF1,,,,,,,,,,,,,,,,,,,,
Role of PI3K subunit p85 in regulation of Actin Organization and Cell Migration Homo sapiens h cdc42racPathway,,ARPC1A,ACTR3,RHOA,PDGFRA,ACTR2,ARPC1B,PDGFA,WASL,CDC42,PAK1,ARPC3,PIK3R1,PIK3CA,ARPC4,ARPC2,RAC1,,,,,,,,,,,,,,,,,,,,,,,,,,,,,,,,,,,,,,,,
How does salmonella hijack a cell Homo sapiens h salmonellaPathway,,ARPC1A,ACTR3,ACTR2,ARPC3,ARPC4,ARPC2,ARPC1B,RAC1,WASL,WASF1,CDC42,,,,,,,,,,,,,,,,,,,,,,,,,,,,,,,,,,,,,,,,,,,,,
Y branching of actin filaments Homo sapiens h actinYPathway,,ARPC1A,ACTR3,ACTR2,NCKAP1,ARPC1B,WASL,CDC42,PSMA7,ARPC3,ARPC4,ARPC2,ABL2,PIR,RAC1,WASF2,NCK1,,,,,,,,,,,,,,,,,,,,,,,,,,,,,,,,,,,,,,,,
Prion Pathway Homo sapiens h prionPathway,,LAMA3,LAMB3,HSPA5,LAMA2,LAMA5,PRNP,LAMA4,LAMC1,LAMC3,LAMB2,LAMA1,LAMC2,LAMB1,GFAP,RPSA,DNAJB1P1,DNAJB6,BCL2,,,,,,,,,,,,,,,,,,,,,,,,,,,,,,,,,,,,,,
Agrin in Postsynaptic Differentiation Homo sapiens h agrPathway,,ITGA1,JUN,LAMB3,NRG1,LAMB2,NRG2,NRG3,LAMB1,CDC42,PTK2,ACTA1,SP1,CTTN,RAPSN,UTRN,ARHGEF6,AGRN,ARHGEF7,CHRNA1,ITGB1,SRC,CHRM1,PXN,LAMA3,LAMA2,LAMA5,LAMA4,LAMC1,LAMC3,LAMA1,LAMC2,EGFR,PAK2,PAK1,MAPK8,DVL1,MAPK3,PAK7,DAG1,RAC1,MAPK1,MUSK,DMD,PAK4,PAK3,PAK6,GIT2,,,,,,,,,
Neuroregulin receptor degredation protein-1 Controls ErbB3 receptor recycling Homo sapiens h ErbB3Pathway,,ERBB3,UBE2D1,NRG1,NRG2,NRG3,RNF41,,,,,,,,,,,,,,,,,,,,,,,,,,,,,,,,,,,,,,,,,,,,,,,,,,
g-Secretase mediated ErbB4 Signaling Pathway  Homo sapiens h erbB4pathway,,ADAM17,ERBB4,NRG4,PRKCB,PSEN1,NRG2,PRKCA,NRG3,,,,,,,,,,,,,,,,,,,,,,,,,,,,,,,,,,,,,,,,,,,,,,,,
Proteolysis and Signaling Pathway of Notch  Homo sapiens h notchpathway,,NOTCH1,ADAM17,FURIN,PSEN1,DLL1,RBPJ,,,,,,,,,,,,,,,,,,,,,,,,,,,,,,,,,,,,,,,,,,,,,,,,,,
Deregulation of CDK5 in Alzheimers Disease Homo sapiens h p35alzheimersPathway,,APP,GSK3B,MAPT,CDK5,CAPN1,PPP2R5D,CDK5R1,,,,,,,,,,,,,,,,,,,,,,,,,,,,,,,,,,,,,,,,,,,,,,,,,
FOSB gene expression and drug abuse Homo sapiens h fosbPathway,,GRIA2,JUND,PPP1R1B,CDK5,FOSB,,,,,,,,,,,,,,,,,,,,,,,,,,,,,,,,,,,,,,,,,,,,,,,,,,,
Lissencephaly gene (LIS1) in neuronal migration and development Homo sapiens h Lis1Pathway,,DCTN6,DNAH5,DNAH3,DYNLL1,DNAH8,DCTN3,DCTN2,CSNK2A1,DNAH6,DCTN1,LRP8,RELN,CLIP1,CDK5,PAFAH1B1,NDEL1,DCX,ABL1,CDK5R1,DNAH1,,,,,,,,,,,,,,,,,,,,,,,,,,,,,,,,,,,,
Inactivation of Gsk3 by AKT causes accumulation of b-catenin in Alveolar Macrophages Homo sapiens h gsk3Pathway,,FZD1,CHUK,CSNK2A1,PDPK1,EIF2AK2,KREMEN2,TIRAP,AXIN1,PPP2R5D,DKK1,DKK2,PROC,NFKBIA,MYD88,PIK3R1,PIK3CA,TOLLIP,TLR4,LEF1,RELA,GSK3B,CTNNB1,LRP6,EHHADH,LY96,NKD1,NKD2,IKBKB,FRAT1,GJA1,WIF1,CCND1,DVL1,IRAK1,AKT1,WNT1,IKBKG,CD14,BTRC,,,,,,,,,,,,,,,,,
WNT Signaling Pathway Homo sapiens h wntPathway,,CREBBP,FZD1,SMAD4,TLE1,CSNK2A1,KREMEN2,AXIN1,PPP2R5D,DKK1,DKK2,PROC,HNF1A,TAB1,PPARD,GSK3B,HDAC1,CTNNB1,CTBP1,LRP6,NKD1,NLK,NKD2,FRAT1,WIF1,CCND1,DVL1,MYC,WNT1,MAP3K7,BTRC,,,,,,,,,,,,,,,,,,,,,,,,,,
Multi-step Regulation of Transcription by Pitx2 Homo sapiens h pitx2Pathway,,MED1,CREBBP,FZD1,CSNK2A1,KREMEN2,AXIN1,PPP2R5D,DKK1,DKK2,PROC,LEF1,GSK3B,HDAC1,TRRAP,LDB1,CTNNB1,LRP6,NKD1,NKD2,FRAT1,CCND2,WIF1,KAT5,EP300,DVL1,WNT1,PITX2,,,,,,,,,,,,,,,,,,,,,,,,,,,,,
Segmentation Clock Homo sapiens h hesPathway,,HES7,FZD1,NOTCH1,GSK3B,CSNK2A1,CTNNB1,LRP6,KREMEN2,AXIN1,PSEN1,DLL1,DKK1,DKK2,NKD1,NKD2,RBPJ,PROC,LFNG,ADAM17,HEY2,WIF1,DVL1,HES1,WNT1,,,,,,,,,,,,,,,,,,,,,,,,,,,,,,,,
Wnt/LRP6 Signalling Homo sapiens h wnt-lrp6Pathway,,FZD1,WNT8B,LRP6,KREMEN2,WNT8A,DKK1,DKK2,,,,,,,,,,,,,,,,,,,,,,,,,,,,,,,,,,,,,,,,,,,,,,,,,
Cardiac Protection Against ROS  Homo sapiens h flumazenilPathway,,GABRA3,GPX1,GABRA2,GABRA1,GABRA6,GABRA5,GABRA4,PRKCE,SOD3,SOD1,SOD2,,,,,,,,,,,,,,,,,,,,,,,,,,,,,,,,,,,,,,,,,,,,,
Gamma-aminobutyric Acid Receptor Life Cycle Homo sapiens h gabaPathway,,GABRA3,GABARAP,NSF,GABRA2,SRC,GABRA1,GABRA6,GABRA5,GABRA4,UBE3A,UBE2A,DNM1,GPHN,UBQLN1,UBA1,,,,,,,,,,,,,,,,,,,,,,,,,,,,,,,,,,,,,,,,,
SUMOylation as a mechanism to modulate CtBP-dependent gene responses Homo sapiens h ctbp1Pathway,,ZEB1,SUMO1,CDH1,CTBP1,UBE3A,NOS1,UBE2A,UBA1,,,,,,,,,,,,,,,,,,,,,,,,,,,,,,,,,,,,,,,,,,,,,,,,
Role of Parkin in Ubiquitin-Proteasomal Pathway Homo sapiens h parkinPathway,,PARK2,GPR37,SUMO1,UBE2E2,UBE2G2,UBE2L6,UBE2G1,UBE2L3,,,,,,,,,,,,,,,,,,,,,,,,,,,,,,,,,,,,,,,,,,,,,,,,
ER?associated degradation (ERAD) Pathway Homo sapiens h eradPathway,,UBE2I,EDEM1,FBXO2,CUL1,MOGS,RBX1,GANAB,MAN2A2,SEC61A1,MAN1B1,MAN2C1,CANX,MAN1C1,MAN1A2,MAN2B1,MAN1A1,UGGT1,SKP1,SAE1,,,,,,,,,,,,,,,,,,,,,,,,,,,,,,,,,,,,,
Basic Mechanisms of SUMOylation Homo sapiens h sumoPathway,,UBE2I,SUMO2,SUMO1,SUMO3,UBA2,SAE1,,,,,,,,,,,,,,,,,,,,,,,,,,,,,,,,,,,,,,,,,,,,,,,,,,
Regulation of transcriptional activity by PML Homo sapiens h pmlPathway,,CREBBP,RB1,UBE2I,DAXX,SP100,SUMO1,SIRT1,PAX3,TP53,PRAM1,PML,,,,,,,,,,,,,,,,,,,,,,,,,,,,,,,,,,,,,,,,,,,,,
BTG family proteins and cell cycle regulation Homo sapiens h btg2Pathway,,CHAF1A,RB1,BTG2,CHAF1B,BTG1,CCND1,PRMT1,HOXB9,TP53,,,,,,,,,,,,,,,,,,,,,,,,,,,,,,,,,,,,,,,,,,,,,,,
p53 Signaling Pathway Homo sapiens h p53Pathway,,PCNA,RB1,CDKN1A,GADD45A,CCND1,CCNE1,CDK4,E2F1,TIMP3,CDK2,BCL2,TP53,MDM2,,,,,,,,,,,,,,,,,,,,,,,,,,,,,,,,,,,,,,,,,,,
Cyclins and Cell Cycle Regulation Homo sapiens h cellcyclePathway,,RB1,CDKN2C,CDKN1B,CDKN2D,CDKN2A,CDKN1A,CDKN2B,CCNH,CDC25A,RBL1,CCNA1,TFDP1,CCND3,CDK7,CCNB1,CDK6,CCND2,CCND1,CCNE1,CDK4,E2F1,CDK2,CDK1,,,,,,,,,,,,,,,,,,,,,,,,,,,,,,,,,
Cell Cycle: G1/S Check Point  Homo sapiens h g1Pathway,,TGFB1,SMAD3,SMAD4,CDKN2A,CDKN2B,CDC25A,DHFR,CCNA1,TFDP1,CDK6,CCNE1,CDK4,CDK2,ATM,CDK1,ATR,TP53,RB1,CDKN1B,GSK3B,HDAC1,CDKN1A,CCND1,E2F1,ABL1,SKP2,,,,,,,,,,,,,,,,,,,,,,,,,,,,,,
E2F1 Destruction Pathway Homo sapiens h skp2e2fPathway,,RB1,CCNA1,TFDP1,CDC34,CCNE1,E2F1,CDK2,CUL1,SKP1,SKP2,,,,,,,,,,,,,,,,,,,,,,,,,,,,,,,,,,,,,,,,,,,,,,
Cyclin E Destruction Pathway Homo sapiens h fbw7Pathway,,RB1,FBXW7,TFDP1,CDC34,CCNE1,E2F1,CDK2,CUL1,SKP1,,,,,,,,,,,,,,,,,,,,,,,,,,,,,,,,,,,,,,,,,,,,,,,
Regulation of p27 Phosphorylation during Cell Cycle Progression Homo sapiens h p27Pathway,,RB1,CDKN1B,CKS1B,CUL1,NEDD8,RBX1,TFDP1,CCNE1,E2F1,CDK2,UBE2M,SKP1,SKP2,,,,,,,,,,,,,,,,,,,,,,,,,,,,,,,,,,,,,,,,,,,
CDK Regulation of DNA Replication Homo sapiens h mcmPathway,,CDT1,CDKN1B,CDC6,ORC6,ORC5,KITLG,ORC2,ORC1,CCNE1,ORC4,ORC3,CDK2,MCM4,MCM5,MCM6,MCM7,MCM2,MCM3,,,,,,,,,,,,,,,,,,,,,,,,,,,,,,,,,,,,,,
Sonic Hedgehog Receptor Ptc1 Regulates cell cycle Homo sapiens h ptc1Pathway,,XPO1,SHH,CDK7,CCNB1,RASGRF1,CCNH,CDK1,PTCH1,MNAT1,,,,,,,,,,,,,,,,,,,,,,,,,,,,,,,,,,,,,,,,,,,,,,,
Estrogen-responsive protein Efp controls cell cycle and breast tumors growth Homo sapiens h EfpPathway,,SMURF1,ESR1,CDK8,CCNB2,CDK7,CCNB1,CDK6,CDK5,CDK4,CDK3,CDK2,TRIM25,CDK1,SFN,TP53,,,,,,,,,,,,,,,,,,,,,,,,,,,,,,,,,,,,,,,,,
RB Tumor Suppressor/Checkpoint Signaling in response to DNA damage Homo sapiens h rbPathway,,RB1,RASGRF1,CDKN1A,MYT1,WEE1,CHEK1,CDK4,E2F1,CDK2,ATM,CDK1,YWHAH,TP53,,,,,,,,,,,,,,,,,,,,,,,,,,,,,,,,,,,,,,,,,,,
cdc25 and chk1 Regulatory Pathway in response to DNA damage Homo sapiens h cdc25Pathway,,WEE1,RASGRF1,CHEK1,ATM,CDK1,MYT1,YWHAH,,,,,,,,,,,,,,,,,,,,,,,,,,,,,,,,,,,,,,,,,,,,,,,,,
Cell Cycle: G2/M Checkpoint Homo sapiens h g2Pathway,,CDKN2D,RASGRF1,CDKN1A,GADD45A,BRCA1,PRKDC,MYT1,WEE1,CDC34,CCNB1,RPS6KA1,CHEK1,EP300,CHEK2,PI4KA,ATM,CDK1,SFN,YWHAH,ATR,TP53,MDM2,,,,,,,,,,,,,,,,,,,,,,,,,,,,,,,,,,
ATM Signaling Pathway Homo sapiens h atmPathway,,RELA,JUN,GADD45A,BRCA1,RPA1,TP73,NFKBIA,RAD51,MAPK8,CHEK1,CHEK2,ATM,TREX1,ABL1,RBBP8,ATR,TP53,MDM2,,,,,,,,,,,,,,,,,,,,,,,,,,,,,,,,,,,,,,
Hypoxia and p53 in the Cardiovascular system Homo sapiens h p53hypoxiaPathway,,ABCB1,HSP90AA1,CDKN1A,GADD45A,FHL2,IGFBP3,UBE2A,RPA1,HIF1A,HIC1,NFKBIB,TAF1,DNAJB1P1,MAPK8,EP300,AKT1,HSPA1A,BAX,ATM,TP53,MDM2,,,,,,,,,,,,,,,,,,,,,,,,,,,,,,,,,,,
Tumor Suppressor Arf Inhibits Ribosomal Biogenesis Homo sapiens h arfPathway,,TBX2,RB1,HSP90AA1,CDKN2A,UBE2A,TWIST1,NFKBIB,DNAJB1P1,POLR1A,PIK3R1,POLR1B,PIK3CA,POLR1C,E2F1,POLR1D,MYC,AKT1,HSPA1A,ATM,RAC1,ABL1,TP53,MDM2,,,,,,,,,,,,,,,,,,,,,,,,,,,,,,,,,
"Telomeres, Telomerase, Cellular Aging, and  Immortality Homo sapiens h telPathway",,RB1,XRCC5,XRCC6,TNKS,TERF1,PRKCA,PPP2R5D,POLR2A,TERT,TEP1,MYC,AKT1,BCL2,KRAS,TP53,,,,,,,,,,,,,,,,,,,,,,,,,,,,,,,,,,,,,,,,,
Overview of telomerase protein component gene hTert Transcriptional Regulation  Homo sapiens h tertpathway,,WT1,MAX,SP1,MXD1,MZF1,HDAC1,TERT,MYC,ESR1,TP53,,,,,,,,,,,,,,,,,,,,,,,,,,,,,,,,,,,,,,,,,,,,,,
Overview of telomerase RNA component gene hTerc Transcriptional Regulation Homo sapiens h tercPathway,,RB1,SP1,SP3,NFYB,NFYC,TERC,NFYA,,,,,,,,,,,,,,,,,,,,,,,,,,,,,,,,,,,,,,,,,,,,,,,,,
"Role of BRCA1,  BRCA2 and ATR in Cancer Susceptibility Homo sapiens h atrbrcaPathway",,HUS1,MRE11A,FANCA,BRCA1,BRCA2,FANCC,FANCF,RAD50,FANCE,FANCG,RAD51,CHEK1,FANCD2,CHEK2,NBN,RAD17,ATM,TREX1,RAD1,ATR,TP53,RAD9A,,,,,,,,,,,,,,,,,,,,,,,,,,,,,,,,,,
BRCA1-dependent Ub-ligase activity Homo sapiens h bard1Pathway,,FANCD2,FANCA,BRCA1,FANCC,FANCF,FANCE,BARD1,FANCG,,,,,,,,,,,,,,,,,,,,,,,,,,,,,,,,,,,,,,,,,,,,,,,,
METS affect on Macrophage Differentiation Homo sapiens h etsPathway,,CSF1R,HDAC5,JUN,CSF1,HDAC2,FOS,ETV3,DDX20,ETS1,ETS2,RBL1,NCOR2,RBL2,SIN3B,SIN3A,E2F1,E2F4,HRAS,,,,,,,,,,,,,,,,,,,,,,,,,,,,,,,,,,,,,,
The PRC2 Complex Sets Long-term Gene Silencing Through Modification of Histone Tails Homo sapiens h prc2Pathway,,PHC1,SUZ12,EED,HDAC1,CBX4,HDAC2,RING1,H3F3A,H3F3B,BMI1,YY1,RBBP4,RBBP7,EZH2,,,,,,,,,,,,,,,,,,,,,,,,,,,,,,,,,,,,,,,,,,
Downregulated of MTA-3 in ER-negative Breast Tumors Homo sapiens h mta3Pathway,,HDAC1,GREB1,MBD3,PDZK1,ESR1,TUBA1A,TUBA3C,HSPB1,TUBA4B,TUBA4A,TUBA8,TUBA1C,CDH1,SNAI2,SNAI3,SNAI1,MTA3,ALDOA,GAPDH,CTSD,,,,,,,,,,,,,,,,,,,,,,,,,,,,,,,,,,,,
Sumoylation by RanBP2 Regulates Transcriptional Repression Homo sapiens h ranbp2Pathway,,HDAC6,RANBP2,HDAC4,HDAC1,NUP214,NUP153,NUP210,PIAS1,HDAC9,PIAS2,SUMO1,NUP62,RAN,MDM2,,,,,,,,,,,,,,,,,,,,,,,,,,,,,,,,,,,,,,,,,,
Cycling of Ran in nucleocytoplasmic transport Homo sapiens h ranPathway,,RANBP2,RANBP1,NUP214,NUP62,RCC1,NUP153,NUP210,RAN,RANGAP1,,,,,,,,,,,,,,,,,,,,,,,,,,,,,,,,,,,,,,,,,,,,,,,
Mechanism of Protein Import into the Nucleus Homo sapiens h npcPathway,,RANBP2,KPNB1,RANBP1,NUP214,NUP62,RCC1,NUP153,NUP210,NUTF2,RAN,KPNA2,RANGAP1,,,,,,,,,,,,,,,,,,,,,,,,,,,,,,,,,,,,,,,,,,,,
Role of Ran in mitotic spindle regulation Homo sapiens h ranMSpathway,,RANBP2,KPNB1,TPX2,RANBP1,NUMA1,AURKA,RCC1,KIF15,RAN,KPNA2,RANGAP1,,,,,,,,,,,,,,,,,,,,,,,,,,,,,,,,,,,,,,,,,,,,,
"Metabolism of Anandamide, an Endogenous Cannabinoid Homo sapiens h cb1rPathway",,FAAH,CNR2,CNR1,PLD2,PLD1,BAAT,PLD3,,,,,,,,,,,,,,,,,,,,,,,,,,,,,,,,,,,,,,,,,,,,,,,,,
Multi-Drug Resistance Factors Homo sapiens h mrpPathway,,ABCB4,ABCB1,ABCB11,ABCC3,GSTP1,ABCC1,,,,,,,,,,,,,,,,,,,,,,,,,,,,,,,,,,,,,,,,,,,,,,,,,,
SREBP control of lipid synthesis Homo sapiens h s1pPathway,,MBTPS1,SREBF1,MBTPS2,SREBF2,HMGCS1,SCAP,LDLR,,,,,,,,,,,,,,,,,,,,,,,,,,,,,,,,,,,,,,,,,,,,,,,,,
Spliceosomal Assembly Homo sapiens h smPathway,,SNRPA,SNRNP70,SRSF2,U2AF2,SNRPB2,SNRPA1,U2AF1,SNRPC,,,,,,,,,,,,,,,,,,,,,,,,,,,,,,,,,,,,,,,,,,,,,,,,
Hemoglobin's Chaperone Homo sapiens h ahspPathway,,FECH,ALAS2,ALAS1,HBB,UROS,HBA1,CPOX,HBA2,GATA1,ALAD,HMBS,UROD,AHSP,,,,,,,,,,,,,,,,,,,,,,,,,,,,,,,,,,,,,,,,,,,
Polyadenylation of mRNA Homo sapiens h cpsfPathway,,CPSF2,CPSF1,CPSF4,CSTF3,CPSF3,PABPN1,CSTF2,CSTF1,PAPOLA,,,,,,,,,,,,,,,,,,,,,,,,,,,,,,,,,,,,,,,,,,,,,,,